Case Number,Country
2020.02.05,USA
2020.01.30.R,BHS
2020.01.17,AUS
2020.01.16,NZL
2020.01.13,USA
2020.01.12,OTH
2020.01.07,AUS
2020.01.05,AUS
2020.01.03,NCL
2020.01.02,AUS
2019.12.28,OTH
2019.12.26.b,PNG
2019.12.26.a,ZAF
2019.12.24,NZL
2019.12.21,USA
2019.12.20,AUS
2019.12.12,OTH
2019.12.06,AUS
2019.12.03,USA
2019.11.30.b,USA
2019.11.30.a,AUS
2019.11.23,AUS
2019.11.23.R,MEX
2019.11.22,OTH
2019.11.14,PYF
2019.11.12,USA
2019.11.11,MEX
2019.11.09,ZAF
2019.11.02,OTH
2019.10.29,AUS
2019.10.27,USA
2019.10.21,PYF
2019.10.17,AUS
2019.10.08,USA
2019.10.05.b,AUS
2019.10.04.R,USA
2019.09.28,AUS
2019.09.26,USA
2019.09.24.b,USA
2019.09.24.a,USA
2019.09.18,USA
2019.09.15,USA
2019.09.07,AUS
2019.08.31.b,USA
2019.08.31.a,USA
2019.08.27,USA
2019.08.21,USA
2019.08.20,USA
2019.08.16,USA
2019.08.11,USA
2019.08.04,USA
2019.08.03.c,USA
2019.08.03.b,USA
2019.08.03.a,USA
2019.07.30,USA
2019.07.29,USA
2019.07.28,AUS
2019.07.27.b,USA
2019.07.27.a,USA
2019.07.22,USA
2019.07.18,USA
2019.07.17.R,NZL
2019.07.16,USA
2019.07.12,USA
2019.07.10,ZAF
2019.07.09,AUS
2019.07.06,MEX
2019.07.04,BHS
2019.06.30,USA
2019.06.26,BHS
2019.06.16.b,USA
2019.06.16.a,USA
2019.06.10,USA
2019.06.06.R,AUS
2019.06.05,AUS
2019.06.02,USA
2019.05.29,NCL
2019.05.25.b,USA
2019.05.25.a,NCL
2019.05.14.b,USA
2019.05.14.a,AUS
2019.05.09,OTH
2019.05.01,USA
2019.04.27.R,AUS
2019.04.23,USA
2019.04.21,USA
2019.04.12,USA
2019.04.06.b,USA
2019.04.06.a,USA
2019.04.05,OTH
2019.03.26,USA
2019.03.25,AUS
2019.03.22,USA
2019.03.21,MEX
2019.03.16,USA
2019.03.12,USA
2019.03.05.b,USA
2019.03.05.a,ZAF
2019.02.17,AUS
2019.02.14,OTH
2019.02.04.b,USA
2019.02.04.a,AUS
2019.02.02.b,ZAF
2019.02.02.a,USA
2019.01.30,OTH
2019.01.14,AUS
2019.01.08,USA
2018.12.18,MEX
2018.12.15.b,AUS
2018.12.15.a,NZL
2018.12.09.b,NZL
2018.12.09.a,AUS
2018.11.18,AUS
2018.11.17,AUS
2018.11.11.b,ZAF
2018.11.11.a,AUS
2018.11.09,BHS
2018.11.07.b,EGY
2018.11.07.a,AUS
2018.11.05,AUS
2018.10.24,AUS
2018.10.23.c,USA
2018.10.23.b,USA
2018.10.23.a,USA
2018.10.19.b,AUS
2018.10.19.a,NZL
2018.10.13,AUS
2018.10.11,USA
2018.10.08,AUS
2018.08.05,USA
2018.08.03,EGY
2018.07.29,USA
2018.07.24,OTH
2018.07.18.b,USA
2018.07.18.a,USA
2018.07.16.R,USA
2018.07.15,OTH
2018.07.14.b,USA
2018.07.14.a,USA
2018.07.11.b,USA
2018.07.13.a,USA
2018.07.11,USA
2018.07.09.R,BHS
2018.07.02,USA
2018.06.25,USA
2018.06.18.b,USA
2018.06.18.a,USA
2018.06.09,USA
2018.06.08,AUS
2018.06.04,MEX
2018.06.03.b,AUS
2018.06.03.a,OTH
2018.05.27,USA
2018.05.26.b,USA
2018.05.26.a,USA
2018.05.24,AUS
2018.05.21,USA
2018.05.13.b,USA
2018.05.00,AUS
2018.05.12,ZAF
2018.04.30.R,OTH
2018.04.28.c,USA
2018.04.28.b,OTH
2018.04.28.a,AUS
2018.04.25.a,AUS
2018.04.24,AUS
2018.04.23,OTH
2018.04.22,ZAF
2018.04.19,USA
2018.04.15.d,OTH
2018.04.15.c,OTH
2018.04.15.b,AUS
2018.04.15.a,AUS
2018.04.14,BHS
2018.04.09,NCL
2018.04.05,BHS
2018.04.03,ZAF
2018.03.31,USA
2018.03.14,AUS
2018.03.09.b,AUS
2018.03.09.a,AUS
2018.02.24,ZAF
2018.02.23,AUS
2018.02.17,AUS
2018.02.15,AUS
2018.02.14,AUS
2018.02.03,OTH
2018.02.01,AUS
2018.01.28,AUS
2018.01.21,NCL
2018.01.14,AUS
2018.01.13,AUS
2018.01.12,OTH
2018.01.05,AUS
2017.12.31,USA
2017.12.30,USA
2017.12.21,OTH
2017.12.09,BHS
2017.11.30.b,OTH
2017.11.30.a,OTH
2017.11.25.R,OTH
2017.11.24,USA
2017.11.18,USA
2017.11.13.R,OTH
2017.11.13,AUS
2017.11.04,CUB
2017.11.02,USA
2017.10.31.R,AUS
2017.10.28,AUS
2017.10.26,USA
2017.10.23.c,OTH
2017.10.23.b,USA
2017.10.23.a,USA
2017.10.22,AUS
2017.10.21,NZL
2017.10.18,USA
2017.10.09,USA
2017.10.05,USA
2017.09.25.b,USA
2017.09.25.a,AUS
2017.09.24.a,USA
2017.09.20,USA
2017.09.16.b,ESP
2017.09.16.a,USA
2017.09.15.b,ZAF
2017.09.15.a,OTH
2017.09.14,AUS
2017.09.13,USA
2017.09.10.b,AUS
2017.09.10.a,AUS
2017.09.06.R,SLB
2017.09.03.b,ZAF
2017.09.03.a,JPN
2017.09.02.c,USA
2017.09.02.b,USA
2017.09.02.a,USA
2017.08.29,AUS
2017.08.27,USA
2017.08.26.a,NZL
2017.08.23,USA
2017.08.18,BHS
2017.08.10,USA
2017.08.05,EGY
2017.08.03,USA
2017.08.01,USA
2017.07.31,USA
2017.07.29.c,USA
2017.07.29.a,USA
2017.07.27,BHS
2017.07.26.R,BHS
2017.07.24,OTH
2017.07.23.b,USA
2017.07.23.a,ESP
2017.07.22,USA
2017.07.20.b,USA
2017.07.20.a,USA
2017.07.14.b,USA
2017.07.14.a,AUS
2017.07.11,USA
2017.07.09,USA
2017.07.07.R,MEX
2017.07.07,ZAF
2017.06.21,USA
2017.06.19,USA
2017.06.18.b,USA
2017.06.18.a,REU
2017.06.17,ESP
2017.06.05,PYF
2017.06.14.R,BHS
2017.06.11,AUS
2017.06.10.b,AUS
2017.06.10.a,USA
2017.06.07.R,OTH
2017.06.04,USA
2017.06.02,BHS
2017.05.30,USA
2017.05.28,USA
2017.05.27,AUS
2017.05.12,OTH
2017.05.06.R,AUS
2017.05.06,MEX
2017.04.29.d,USA
2017.04.29.c,ZAF
2017.04.29.b,USA
2017.04.29.a,REU
2017.04.27,NZL
2017.04.22,OTH
2017.04.17.b,USA
2017.04.17.a,AUS
2017.04.14,USA
2017.04.13,USA
2017.04.12.b,USA
2017.04.11,USA
2017.04.10.b,USA
2017.04.10.a,USA
2017.04.06,USA
2017.04.05,USA
2017.04.02.b,AUS
2017.04.02.a,USA
2017.03.27,USA
2017.03.19,AUS
2017.03.18,USA
2017.03.11,PHL
2017.03.09,BHS
2017.03.01,BHS
2017.02.25,AUS
2017.02.24,AUS
2017.02.21,REU
2017.02.17,AUS
2017.02.11,USA
2017.02.06.b,OTH
2017.02.06.a,ZAF
2017.02.01.b,USA
2017.02.01.a,BHS
2017.01.24,OTH
2017.01.22,USA
2017.01.21,AUS
2017.01.13.b,AUS
2017.01.13.a,USA
2017.01.09,IDN
2017.01.08.R,AUS
2017.01.05,USA
2016.12.27,USA
2016.12.24,AUS
2016.12.19,ZAF
2016.12.14,AUS
2016.12.11.b,PYF
2016.12.06,AUS
2016.12.01,AUS
2016.11.28,AUS
2016.11.14,USA
2016.10.30,USA
2016.10.29,USA
2016.10.24,AUS
2016.10.21,USA
2016.10.15,AUS
2016.10.14,USA
2016.10.13.R,MEX
2016.10.12,AUS
2016.10.10,USA
2016.10.02,USA
2016.10.01,USA
2016.09.26,AUS
2016.09.18.c,USA
2016.09.18.b,USA
2016.09.18.a,USA
2016.09.17.b,USA
2016.09.17.a,AUS
2016.09.15,AUS
2016.09.15.R,AUS
2016.09.11,USA
2016.09.07,USA
2016.09.06,NCL
2016.09.05.b,USA
2016.09.05.a,AUS
2016.09.04,USA
2016.09.01,USA
2016.08.29.b,USA
2016.08.29.a,USA
2016.08.27,REU
2016.08.25,USA
2016.08.07,BHS
2016.08.06,USA
2016.08.04,USA
2016.07.29,ESP
2016.07.28.R,OTH
2016.07.28,AUS
2016.07.27,USA
2016.07.26,AUS
2016.07.24,JPN
2016.07.23.b,AUS
2016.07.23.a,BHS
2016.07.20,AUS
2016.07.17,USA
2016.07.16.b,USA
2016.07.16.a,USA
2016.07.15.b,USA
2016.07.15.a,USA
2016.07.14.R,BHS
2016.07.08.R,ESP
2016.07.08,USA
2016.07.07.b,USA
2016.07.07.a,USA
2016.07.06,USA
2016.07.04,AUS
2016.06.27,USA
2016.06.25,USA
2016.06.24,OTH
2016.06.23,ZAF
2016.06.21.b,USA
2016.06.21.a,USA
2016.06.15.b,USA
2016.06.15.a,AUS
2016.06.14,USA
2016.06.11,USA
2016.06.05.b,USA
2016.06.05.a,AUS
2016.06.04,EGY
2016.06.02.b,AUS
2016.06.02.a,NCL
2016.05.31,AUS
2016.05.29.b,USA
2016.05.29.a,USA
2016.05.22,USA
2016.05.21.b,USA
2016.05.21.a,USA
2016.05.18,USA
2016.05.15,USA
2016.05.03,USA
2016.05.02,NZL
2016.04.25,IDN
2016.04.23,USA
2016.04.22,ZAF
2016.04.19,AUS
2016.04.18.b,PYF
2016.04.18.a,PYF
2016.04.13,USA
2016.04.09,NCL
2016.04.07.b,USA
2016.04.07.a,USA
2016.03.31,USA
2016.03.30,AUS
2016.03.28.a,AUS
2016.03.26,BHS
2016.03.11,USA
2016.03.10,OTH
2016.03.04,USA
2016.03.03.R,AUS
2016.03.02,OTH
2016.02.22,NCL
2016.02.19,NCL
2016.02.12,OTH
2016.02.05,AUS
2016.02.04,AUS
2016.02.02,OTH
2016.01.29,ZAF
2016.01.28,USA
2016.01.25,USA
2016.01.24.b,USA
2016.01.24.a,OTH
2016.01.23,USA
2016.01.11.R,AUS
2016.01.05,AUS
2016.01.02,AUS
2015.12.26,ZAF
2015.12.25,ESP
2015.12.22,USA
2015.12.21.b,AUS
2015.12.21.a,OTH
2015.12.19,OTH
2015.12.13,AUS
2015.12.11,BHS
2015.12.08,ZAF
2015.11.20,OTH
2015.11.16,USA
2015.11.15.b,USA
2015.11.15.a,USA
2015.11.10,AUS
2015.11.03,USA
2015.11.01.b,USA
2015.11.01.a,MOZ
2015.10.30,AUS
2015.10.28.a,USA
2015.10.25,ZAF
2015.10.21,USA
2015.10.19,USA
2015.10.17.c,MOZ
2015.10.17.a,USA
2015.10.13,USA
2015.10.09.b,USA
2015.10.09.a,USA
2015.10.08,MOZ
2015.10.07,AUS
2015.10.05.b,USA
2015.10.05.a,USA
2015.10.04,USA
2015.09.29,USA
2015.09.26,AUS
2015.09.24,USA
2015.09.20.d,USA
2015.09.20.c,USA
2015.09.20.b,USA
2015.09.20.a,USA
2015.09.19,USA
2015.09.18,USA
2015.09.17,USA
2015.09.08,AUS
2015.09.06,USA
2015.09.05,USA
2015.09.04,AUS
2015.09.03,USA
2015.09.01,OTH
2015.09.00,OTH
2015.08.29.b,USA
2015.08.29.a,USA
2015.08.22.a,AUS
2015.08.20,USA
2015.08.19,USA
2015.08.18.b,USA
2015.08.10,USA
2015.07.31,AUS
2015.07.28,OTH
2015.07.27,AUS
2015.07.26.b,USA
2015.07.25,AUS
2015.07.23.b,USA
2015.07.23.a,AUS
2015.07.22,REU
2015.07.19,ZAF
2015.07-10,USA
2015.07.04.b,BHS
2015.07.04.a,USA
2015.07.03,AUS
2015.07.02,AUS
2015.07.01,USA
2015.06.30.b,AUS
2015.06.30.a,USA
2015.06.27.b,USA
2015.06.27.a,ZAF
2015.06.26.b,ZAF
2015.06.26.a,USA
2015.06.25.R,AUS
2015.06.25,USA
2015.06.24.b,USA
2015.06.24.a,AUS
2015.06.23,USA
2015.06.19,OTH
2015.06.17,USA
2015.06.14.b,USA
2015.06.14.a,USA
2015.06.13,USA
2015.06.11,USA
2015.06.07,USA
2015.06.05,USA
2015.06.01,REU
2015.05.29.b,USA
2015.05.29.a,USA
2015.05.25,PYF
2015.05.24,USA
2015.05.20,USA
2015.05.15,USA
2015.05.09,NCL
2015.05.07,USA
2015.05.03,AUS
2015.05.02,ZAF
2015.04.29,USA
2015.04.26,USA
2015.04.25,AUS
2015.04.24.c,AUS
2015.04.13,USA
2015.04.12,REU
2015.04.11,AUS
2015.04.03,USA
2015.03.26,ZAF
2015.03.21,EGY
2015.03.18,USA
2015.03.16,PYF
2015.03.11,AUS
2015.03.10,MEX
2015.03.07,PYF
2015.02.15,OTH
2015.02.14,REU
2015.02.09,AUS
2015.02.08,AUS
2015.02.05,AUS
2015.01.30,AUS
2015.01.27,USA
2015.01.24,AUS
2015.01.23,ZAF
2015.01.19.b,USA
2015.01.17,AUS
2015.01.16,AUS
2015.01.06,BHS
2015.01.03,ZAF
2015.01.01,USA
2014.12.29.b,AUS
2014.12.29.a,AUS
2014.12.28.b,USA
2014.12.28.a,AUS
2014.12.23.R,JPN
2014.12.15,AUS
2014.12.03.R,ESP
2014.11.29,AUS
2014.11.20,OTH
2014.11.19,AUS
2014.11.17,USA
2014.11.16,USA
2014.11.13,USA
2014.11.10,AUS
2014.11.08,USA
2014.10.31,USA
2014.10.30,AUS
2014.10.22,USA
2014.10.20,USA
2014.10.19,USA
2014.10.18,USA
2014.10.17,AUS
2014.10.14,USA
2014.10.12,USA
2014.10.11,AUS
2014.10.05.b,USA
2014.10.07,USA
2014.10.05.a,USA
2014.10.03.b,USA
2014.10.03.a,USA
2014.10.02.b,USA
2014.10.02.a,AUS
2014.09.21,USA
2014.09.13.R,PYF
2014.09.09,AUS
2014.09.06,USA
2014.09.03,USA
2014.09.02,USA
2014.09.00,ESP
2014.08.31,USA
2014.08.29.b,USA
2014.08.28,USA
2014.08.27.c,ESP
2014.08.27.b,USA
2014.08.27.a,USA
2014.08.25,USA
2014.08.24,USA
2014.08.16,AUS
2014.08.12,USA
2014.08.10,USA
2014.08.09.R,BHS
2014.08.09,USA
2014.08.08,USA
2014.08.06,USA
2014.08.05,USA
2014.08.02,USA
2014.08.01,ZAF
2014.07.27,USA
2014.07.22,REU
2014.07.21,USA
2014.07.20,ESP
2014.07.16,USA
2014.07.14,USA
2014.07.12,USA
2014.07.09,USA
2014.07.05.b,USA
2014.07.05.a,USA
2014.07.03,USA
2014.06.27.R,OTH
2014.06.25,BHS
2014.06.18.b,AUS
2014.06.18.a,AUS
2014.06.17.R,AUS
2014.06.09.c,OTH
2014.06.09.b,USA
2014.06.09.a,AUS
2014.06.08,JPN
2014.06.07,USA
2014.06.01.c,USA
2014.06.01.b,AUS
2014.06.01.a,USA
2014.05.27.R,AUS
2014.05.23,OTH
2014.05.22,AUS
2014.05.15,USA
2014.05.14,AUS
2014.05.13,USA
2014.05.06,USA
2014.05.04,ZAF
2014.05.01,USA
2014.04.24,AUS
2014.04.22,USA
2014.04.15,USA
2014.04.12.R,ZAF
2014.04.12,ZAF
2014.04.04.b,USA
2014.04.04.a,USA
2014.04.03,AUS
2014.03.22.b,ZAF
2014.03.22.a,USA
2014.03.21,USA
2014.03.18.c,NCL
2014.03.18.b,AUS
2014.03.12,AUS
2014.03.02,USA
2014.02.20,PYF
2014.02.17,PNG
2014.02.08,AUS
2014.02.07.b,OTH
2014.02.07,NZL
2014.01.26,AUS
2014.01.25,NZL
2014.01.04,JPN
2014.00.00.b,USA
2014.00.00,NZL
2013.12.25,NCL
2013.12.16,ZAF
2013.12.13,OTH
2013.12.11,USA
2013.12.10,USA
2013.12.05,AUS
2013.12.02,USA
2013.11.30,AUS
2013.11.29,USA
2013.11.23.a,AUS
2013.11.22,USA
2013.11.12,AUS
2013.11.10,BHS
2013.11.07.b,USA
2013.11.07.a,USA
2013.10.31,USA
2013.10.28,AUS
2013.10.26.b,REU
2013.10.26.a,AUS
2013.10.24,AUS
2013.10.23,USA
2013.10.20,USA
2013.10.19,USA
2013.10.11,ZAF
2013.10.08,AUS
2013.10.05,USA
2013.09.29.b,USA
2013.09.29.a,OTH
2013.09.25,USA
2013.09.21.b,USA
2013.09.21.a,USA
2013.09.14,USA
2013.09.12,USA
2013.09.08,USA
2013.09.07.b,USA
2013.09.07.a,USA
2013.09.02,USA
2013.09.01.c,USA
2013.09.01.b,BHS
2013.09.01.a,USA
2013.08.31.b,BHS
2013.08.31.a,USA
2013.08.26,OTH
2013.08.25.b,USA
2013.08.25,AUS
2013.08.18,USA
2013.08.17,USA
2013.08.14,USA
2013.08.13,USA
2013.08.11,USA
2013.08.08.R,ZAF
2013.08.05,USA
2013.07.31,USA
2013.07.30,USA
2013.07.29.c,BHS
2013.07.29.b,MEX
2013.07.29.a,USA
2013.07.28.b,BHS
2013.07.28.a,BHS
2013.07.22,OTH
2013.07.19,USA
2013.07.17.R,USA
2013.07.15,REU
2013.07.14,OTH
2013.07.11,USA
2013.07.02,AUS
2013.06.30,OTH
2013.06.25.c,USA
2013.06.25.b,USA
2013.06.25.a,USA
2013.06.18,USA
2013.06.17,USA
2013.06.16,ZAF
2013.06.15,USA
2013.06.14.R,USA
2013.06.06.b,USA
2013.06.06.a,AUS
2013.05.27.b,USA
2013.05.27.a,USA
2013.05.23.b,OTH
2013.05.23.a,OTH
2013.05.14,OTH
2013.05.08.a,REU
2013.05.04.a,USA
2013.04.28,AUS
2013.04.24,MEX
2013.04.21,AUS
2013.04.17,USA
2013.04.14,ZAF
2013.04.13.b,USA
2013.04.13.a,OTH
2013.04.10,PYF
2013.04.04,USA
2013.04.02.a,USA
2013.03.29,OTH
2013.03.21.R,OTH
2013.03.21,BHS
2013.03.16.b,ZAF
2013.03.16.a,ZAF
2013.03.12,JAM
2013.03.10.b,AUS
2013.03.10.a,PHL
2013.03.03,ZAF
2013.02.27,NZL
2013.02.21.b,USA
2013.02.21.a,USA
2013.02.10,USA
2013.02.09,PYF
2013.02.01,JAM
2013.01.26,AUS
2013.01.25,AUS
2013.01.21.R,AUS
2013.01.16,USA
2013.01.13,NZL
2013.01.05,AUS
2012.12.31,USA
2012.12.30,AUS
2012.12.28,AUS
2012.12.25,ZAF
2012.12.19,AUS
2012.12.05,USA
2012.12.02,AUS
2012.12.00,NZL
2012.11.30,USA
2012.11.22,MEX
2012.11.19,USA
2012.11.04.b,USA
2012.11.04.a,USA
2012.10.30,USA
2012.10.27,USA
2012.10.23,USA
2012.10.19,USA
2012.10.18.b,USA
2012.10.18.a,USA
2012.10.11.R,OTH
2012.10.07,USA
2012.10.02,AUS
2012.09.25,USA
2012.09.24,USA
2012.09.16,USA
2012.09.10,OTH
2012.09.09,USA
2012.09.08.b,USA
2012.09.08.a,USA
2012.09.06.b,USA
2012.09.06.a,USA
2012.09.04,USA
2012.09.02.b,USA
2012.09.02.a,USA
2012.08.31,OTH
2012.08.28,AUS
2012.08.26,OTH
2012.08.15,USA
2012.08.11,AUS
2012.08.09,USA
2012.08.05,REU
2012.08.04,PYF
2012.07.31.b,USA
2012.07.31.a,AUS
2012.07.30.b,USA
2012.07.30.a,USA
2012.07.23,REU
2012.07.21,OTH
2012.07.14,AUS
2012.07.08,USA
2012.07.07.c,BHS
2012.07.07.b,AUS
2012.07.07.a,USA
2012.07.06,ZAF
2012.06.26.c,USA
2012.06.26.b,USA
2012.06.26.a,USA
2012.06.22.b,AUS
2012.06.22.a,USA
2012.06.20,AUS
2012.06.18,USA
2012.06.15,USA
2012.06.14.d,USA
2012.06.14.b,USA
2012.06.14.a,USA
2012.06.12,AUS
2012.06.10,ITA
2012.06.03,AUS
2012.06.02.b,USA
2012.06.02.a,USA
2012.05.31,USA
2012.05.29,MEX
2012.05.23,USA
2012.05.20,USA
2012.05.16,OTH
2012.05.12,USA
2012.05.09,USA
2012.05.06,USA
2012.04.19.b,USA
2012.04.19.a,ZAF
2012.04.11,AUS
2012.04.03,USA
2012.04.00,USA
2012.03.31,AUS
2012.03.24,USA
2012.03.22,AUS
2012.03.20,AUS
2012.03.15,USA
2012.03.14.b,USA
2012.03.14.a,USA
2012.03.06.b,NZL
2012.03.06.a,AUS
2012.03.05,REU
2012.03.04,USA
2012.03.03,OTH
2012.03.01,OTH
2012.02.26,USA
2012.02.25,AUS
2012.02.20,ZAF
2012.02.06,AUS
2012.01.27,USA
2012.01.19,AUS
2012.01.22.R,BHS
2012.01.18.b,OTH
2012.01.18.a,AUS
2012.01.15,ZAF
2012.01.13,USA
2012.01.03,AUS
2012.01.02,AUS
2011.12.31,USA
2011.12.25,OTH
2011.12.23,USA
2011.12.21.b,USA
2011.12.21.a,ZAF
2011.12.11,AUS
2011.12.07.a,AUS
2011.12.06,USA
2011.12.02,AUS
2011.11.29,IDN
2011.11.28,AUS
2011.11.22,USA
2011.11.20.R,PNG
2011.11.12,OTH
2011.11.11,REU
2011.10.29.,USA
2011.10.28.R,OTH
2011.10.28.,ZAF
2011.10.22,AUS
2011.10.20,USA
2011.10.19,AUS
2011.10.11,USA
2011.10.10,USA
2011.10.09,AUS
2011.10.05,REU
2011.10.02,USA
2011.10.01,USA
2011.09.28.b,OTH
2011.09.28.a,ZAF
2011.09.24.b,USA
2011.09.24.a,USA
2011.09.20,USA
2011.09.19,REU
2011.09.17,OTH
2011.09.16,USA
2011.09.11.b,USA
2011.09.11.a,PNG
2011.09.04.b,USA
2011.09.04.a,AUS
2011.09.02,USA
2011.08.31,USA
2011.08.28.a,USA
2011.08.26,OTH
2011.08.24.b,USA
2011.08.24.a,USA
2011.08.23,ZAF
2011.08.18,OTH
2011.08.17.c.,USA
2011.08.17.a,OTH
2011.08.16.c,PYF
2011.08.16.b,USA
2011.08.16.a,OTH
2011.08.11,USA
2011.08.01,OTH
2011.07.30,PHL
2011.07.25,USA
2011.07.22,ZAF
2011.07.19,USA
2011.07.15,REU
2011.07.13.b,USA
2011.07.13.a,BHS
2011.07.07.b,USA
2011.07.07.a,USA
2011.07.06,REU
2011.07.05,OTH
2011.06.30,OTH
2011.06.29,OTH
2011.06.28,ZAF
2011.06.26,USA
2011.06.24,USA
2011.06.21,USA
2011.06.19.b,OTH
2011.06.19.a,OTH
2011.06.15,REU
2011.06.14.R,OTH
2011.06.12,USA
2011.06.06.R,OTH
2011.06.06.b,USA
2011.06.06.a,USA
2011.06.01,OTH
2011.05.30,USA
2011.05.29,ZAF
2011.05.25,USA
2011.05.22,USA
2011.05.21.b,ZAF
2011.05.13.b,USA
2011.05.21.a,NCL
2011.05.13.a,USA
2011.05.10,USA
2011.05.04,ZAF
2011.04.26,USA
2011.04.23,AUS
2011.04.22,USA
2011.04.16,NZL
2011.04.12,IDN
2011.04.08,OTH
2011.03.29.R,USA
2011.03.24,MEX
2011.03.23,AUS
2011.03.21.b,MEX
2011.03.21.a,OTH
2011.03.16,AUS
2011.03.10.R,EGY
2011.03.10,AUS
2011.02.28.R,AUS
2011.02.23,NCL
2011.02.19,REU
2011.02.17,AUS
2011.02.13,AUS
2011.02.12,AUS
2011.02.04.R,MEX
2011.02.02,ZAF
2011.01.31,MEX
2011.01.28,MEX
2011.01.26,BHS
2011.01.15,ZAF
2011.01.12.R,MEX
2011.01.03,AUS
2010.12.26,USA
2010.12.17,OTH
2010.12.11,USA
2010.12.05,EGY
2010.12.03.R,IDN
2010.12.01.b,EGY
2010.12.01.a,EGY
2010.11.30.b,EGY
2010.11.30.a,EGY
2010.11.27.R,OTH
2010.11.19,USA
2010.11.15,OTH
2010.11.14,IDN
2010.11.12.R,AUS
2010.10.30,AUS
2010.10.28.R,AUS
2010.10.28,USA
2010.10.25,OTH
2010.10.23.b,USA
2010.10.23.a,AUS
2010.10.22,USA
2010.10.20,EGY
2010.10.09,AUS
2010.10.02.b,BHS
2010.10.02.a,BHS
2010.10.01,ZAF
2010.09.27,USA
2010.09.24,USA
2010.09.21,ZAF
2010.09.13,AUS
2010.09.07,USA
2010.09.06.R,OTH
2010.09.04,USA
2010.09.03.b,USA
2010.09.03.a,USA
2010.09.02,SLB
2010.08.18,USA
2010.08.17,AUS
2010.08.14,USA
2010.08.10.b,AUS
2010.08.10,OTH
2010.08.08,AUS
2010.08.07.b,USA
2010.08.07.a,OTH
2010.08.02.b,USA
2010.08.02.a,USA
2010.07.25,USA
2010.07.23,USA
2010.07.19,USA
2010.07.17.b,USA
2010.07.17.a,USA
2010.07.16.b,ESP
2010.07.16.a,USA
2010.07.11,USA
2010.07.04,ZAF
2010.07.03,USA
2010.07.02.b,USA
2010.07.02.a,USA
2010.06.27,USA
2010.06.25.b,USA
2010.06.25.a,USA
2010.06.15,OTH
2010.06.10,USA
2010.06.06,AUS
2010.06.00,USA
2010.05.30,USA
2010.05.18.c,OTH
2010.05.18.b,OTH
2010.05.18.a,AUS
2010.05.03,OTH
2010.05.01,USA
2010.04.28,USA
2010.04.19,USA
2010.04.13,ZAF
2010.04.04,EGY
2010.03.27,REU
2010.02.19,NZL
2010.02.16,ZAF
2010.02.15,OTH
2010.02.13,AUS
2010.02.11,AUS
2010.02.06.R,NZL
2010.02.06.b,AUS
2010.02.06.a,USA
2010.02.03,USA
2010.02.01,NZL
2010.01.30,OTH
2010.01.27,AUS
2010.01.22.b,OTH
2010.01.22.a,AUS
2010.01.12,ZAF
2010.01.09.d,AUS
2010.01.09.c,OTH
2010.01.09.b,OTH
2010.01.09.a,OTH
2010.01.06,USA
2010.01.05,ZAF
2009.12.29,ZAF
2009.12.26,AUS
2009.12.22,MOZ
2009.12.20.b,AUS
2009.12.20.a,AUS
2009.12.18,ZAF
2009.12.16,NZL
2009.12.13,AUS
2009.12.12,AUS
2009.12.06,USA
2009.11.24,USA
2009.11.16.b,USA
2009.11.16.a,USA
2009.11.13,USA
2009.11.11,USA
2009.11.08,AUS
2009.11.05,USA
2009.10.30,AUS
2009.10.29.R,MOZ
2009.10.28,AUS
2009.10.24,USA
2009.10.19,USA
2009.10.18,PAN
2009.10.17,OTH
2009.10.14.R,AUS
2009.10.09,USA
2009.10.02,OTH
2009.09.26,USA
2009.09.18,OTH
2009.09.15,OTH
2009.09.13,OTH
2009.09.07,OTH
2009.09.01,SLB
2009.08.30,USA
2009.08.29,ZAF
2009.08.25,USA
2009.08.11,ZAF
2009.08.10,USA
2009.08.06,USA
2009.08.01,USA
2009.07.31,BHS
2009.07.30,AUS
2009.07.29,OTH
2009.07.24.R,OTH
2009.07.24.b,USA
2009.07.22.b,USA
2009.07.22.a,USA
2009.07.18,OTH
2009.07.11.b,BHS
2009.07.11.a,USA
2009.07.07,ZAF
2009.07.05,USA
2009.07.04,USA
2009.06.27,AUS
2009.06.14.R,OTH
2009.06.02.b,EGY
2009.06.02.a,EGY
2009.06.01,EGY
2009.05.31,OTH
2009.05.25,USA
2009.05.17,USA
2009.05.16.b,USA
2009.05.16.a,USA
2009.05.12,OTH
2009.05.06,BHS
2009.04.28,USA
2009.04.25.R,USA
2009.04.21,USA
2009.04.20,PHL
2009.04.19,USA
2009.04.17.,USA
2009.04.12,AUS
2009.04.06.a,USA
2009.04.03,USA
2009.03.27,ZAF
2009.03.21,ZAF
2009.03.20,AUS
2009.03.19.b,AUS
2009.03.19.a,AUS
2009.03.18.a,USA
2009.03.17.R,OTH
2009.03.17,USA
2009.03.16.R,AUS
2009.03.06,NCL
2009.03.02,ZAF
2009.03.01.b,NZL
2009.03.01.a,AUS
2009.02.22,AUS
2009.02.18,AUS
2009.02.12,AUS
2009.02.11,AUS
2009.02.08,USA
2009.02.07.b,AUS
2009.02.07.a,AUS
2009.01.27.R,OTH
2009.01.25,CUB
2009.01.24.c,NZL
2009.01.24.b,AUS
2009.01.24.a,ZAF
2009.01.18,AUS
2009.01.16,NZL
2009.01.13.R,ZAF
2009.01.12,AUS
2009.01.11.b,AUS
2009.01.11.a,AUS
2009.01.10.R,NZL
2009.01.10.a,OTH
2009.01.06,NZL
2009.01.00,CUB
2008.12.27.d,AUS
2008.12.27.c,AUS
2008.12.27.b,AUS
2008.12.27.a,AUS
2008.12.20,USA
2008.12.14,NZL
2008.12.10,ZAF
2008.12.06,AUS
2008.12.00,MOZ
2008.11.28,EGY
2008.11.25,PHL
2008.11.24,OTH
2008.11.09.b,AUS
2008.11.09.a,OTH
2008.11.06,PHL
2008.10.22,AUS
2008.10.21,NCL
2008.10.12,AUS
2008.10.11,AUS
2008.10.08,USA
2008.10.06,HRV
2008.09.28.b,USA
2008.09.28.a,USA
2008.09.15,AUS
2008.09.14,USA
2008.09.09,USA
2008.09.08,USA
2008.09.07,AUS
2008.09.06.b,USA
2008.09.06.a,USA
2008.09.01,USA
2008.09.00,USA
2008.08.30.c,AUS
2008.08.30.a,ENG
2008.08.28,USA
2008.08.27,USA
2008.08.24,USA
2008.08.20,USA
2008.08.16,USA
2008.08.12,USA
2008.08.11,USA
2008.07.30.R,AUS
2008.07.30,ZAF
2008.07.27,PAN
2008.07.26.b,MEX
2008.07.26.a,USA
2008.07.25.b,USA
2008.07.25.a,USA
2008.07.24.b,USA
2008.07.24.a,USA
2008.07.23,USA
2008.07.19,USA
2008.07.18,EGY
2008.07.11,USA
2008.07.09,USA
2008.07.05,USA
2008.07.00,OTH
2008.06.28.b,BHS
2008.06.28.a,ZAF
2008.06.26.R,ZAF
2008.06.26.b,USA
2008.06.26.a,USA
2008.06.24,OTH
2008.06.21,USA
2008.06.20,USA
2008.06.11,OTH
2008.06.07,USA
2008.06.02.R,OTH
2008.06.01.b,USA
2008.06.01.a,OTH
2008.05.26,USA
2008.05.24.b,BHS
2008.05.24.a,MEX
2008.05.23,MEX
2008.05.14,OTH
2008.05.10,AUS
2008.05.07.b,NCL
2008.05.07.a,USA
2008.05.01,ZAF
2008.04.28.b,MEX
2008.04.28.a,USA
2008.04.27,USA
2008.04.26.b,NCL
2008.04.26.a,USA
2008.04.25,USA
2008.04.20.b,USA
2008.04.20.a,AUS
2008.04.19.R,ZAF
2008.04.15,USA
2008.04.09.R,OTH
2008.03.25,USA
2008.04.08.R,USA
2008.04.08,AUS
2008.04.03,USA
2008.03.28.c,ZAF
2008.03.28.b,USA
2008.03.28.a,USA
2008.03.23,USA
2008.03.21,USA
2008.03.07,USA
2008.02.24,BHS
2008.02.21.R,PYF
2008.02.15,USA
2008.02.07,AUS
2008.02.06,USA
2008.01.30,JPN
2008.01.29,ZAF
2008.01.27,AUS
2008.01.14,NZL
2008.01.10,USA
2008.00.00.b,USA
2008.00.00.a,MEX
2007.12.21,OTH
2007.12.18,AUS
2007.12.15,AUS
2007.12.10,USA
2007.12.09,NZL
2007.12.07,OTH
2007.11.18,AUS
2007.11.08,AUS
2007.11.07,ZAF
2007.11.06,USA
2007.11.04,USA
2007.11.03,ZAF
2007.10.29,USA
2007.10.15,AUS
2007.10.13,AUS
2007.10.07,USA
2007.10.06,USA
2007.09.30.c,USA
2007.09.30.b,PHL
2007.09.30.a,NCL
2007.09.28,BHS
2007.09.27.b,USA
2007.09.27.a,EGY
2007.09.22.a,USA
2007.09.20,USA
2007.09.17,SLB
2007.09.16.b,USA
2007.09.16.a,USA
2007.09.13,USA
2007.09.08,USA
2007.09.05,USA
2007.09.04,USA
2007.09.03.b,USA
2007.09.03.a,USA
2007.08.28.b,USA
2007.08.28.a,USA
2007.08.26,USA
2007.08.25,USA
2007.08.22,USA
2007.08.20,USA
2007.08.19.c,USA
2007.08.19.b,USA
2007.08.19.a.,USA
2007.08.15,USA
2007.08.12,USA
2007.08.11,USA
2007.08.09.b,USA
2007.08.09.a,USA
2007.08.07,USA
2007.07.29,USA
2007.07.28,USA
2007.07.22,USA
2007.07.21,USA
2007.07.19.b,USA
2007.07.19.a,AUS
2007.07.18.b,USA
2007.07.18.a,OTH
2007.07.17.a,USA
2007.07.10,BHS
2007.07.05,USA
2007.07.04,REU
2007.06.30.b,USA
2007.06.30.a,USA
2007.06.25,USA
2007.06.24,USA
2007.06.12,USA
2007.06.05,AUS
2007.05.26,USA
2007.05.24,USA
2007.05.17.R,ENG
2007.05.16,AUS
2007.05.12,AUS
2007.05.10,USA
2007.05.09.R,OTH
2007.05.07.b,USA
2007.05.07.a,USA
2007.05.04,OTH
2007.05.00,BHS
2007.04.26,AUS
2007.04.22,USA
2007.04.20,USA
2007.04.13.R,USA
2007.04.09,NCL
2007.04.01,USA
2007.03.31.b,USA
2007.03.31.a,USA
2007.03.22,OTH
2007.03.21,USA
2007.03.20,AUS
2007.03.14.R,USA
2007.03.12,AUS
2007.03.11,USA
2007.03.05.R,NZL
2007.02.03,AUS
2007.02.00,NCL
2007.01.25.b,NCL
2007.01.25.a,USA
2007.01.23,AUS
2007.01.14,ZAF
2007.01.09,AUS
2007.01.07,USA
2007.01.05,USA
2006.12.18,AUS
2006.12.11,NZL
2006.12.10,USA
2006.12.06,ZAF
2006.12.02,AUS
2006.11.25,PHL
2006.11.11,USA
2006.11.09,ZAF
2006.10.31,USA
2006.10.16,USA
2006.10.10,USA
2006.10.07,USA
2006.10.05,USA
2006.10.00.b,BHS
2006.10.00.a,OTH
2006.09.29,USA
2006.09.18.R,USA
2006.09.16,USA
2006.09.14,USA
2006.09.11,USA
2006.09.03.b,OTH
2006.09.03.a,USA
2006.09.02,USA
2006.08.29.b,USA
2006.08.29.a,AUS
2006.08.27,REU
2006.08.20.b,ITA
2006.08.20.a,REU
2006.08.15,ZAF
2006.08.13,ZAF
2006.08.00.b,USA
2006.08.00.a,REU
2006.07.31.R,USA
2006.07.31.a,USA
2006.07.29.b,USA
2006.07.29.a,USA
2006.07.28,ZAF
2006.07.25,USA
2006.07.23,USA
2006.07.17,USA
2006.07.12,USA
2006.07.10,OTH
2006.07.09.b,USA
2006.07.09.a,USA
2006.07.08.b,USA
2006.07.08.a,USA
2006.06.30.b,USA
2006.06.30.a,USA
2006.06.27,USA
2006.06.26,USA
2006.06.24,BHS
2006.06.20,USA
2006.06.18,OTH
2006.06.17,USA
2006.06.15,USA
2006.06.07,USA
2006.06.05,AUS
2006.05.31,USA
2006.05.28,USA
2006.05.27,USA
2006.05.24,USA
2006.05.21,OTH
2006.05.19,USA
2006.05.10,USA
2006.05.04,USA
2006.05.02,AUS
2006.04.21,USA
2006.04.19,USA
2006.04.13,USA
2006.04.11,AUS
2006.04.09.b,ZAF
2006.04.09.a,OTH
2006.04.03,USA
2006.03.28.R,OTH
2006.03.23,USA
2006.03.19,OTH
2006.03.15,AUS
2006.02.27,USA
2006.02.13,AUS
2006.02.12.b,AUS
2006.02.12.a,AUS
2006.02.08,ZAF
2006.02.01.b,OTH
2006.02.01.a,USA
2006.01.28.R,OTH
2006.01.25,ZAF
2006.01.23,OTH
2006.01.18,USA
2006.01.15,AUS
2006.01.07,AUS
2006.01.04,USA
2006.01.01,ZAF
2005.12.24,USA
2005.12.21,USA
2005.12.20,OTH
2005.12.11,AUS
2005.12.05.R,AUS
2005.11.29.R,USA
2005.11.27,USA
2005.11.25.c,AUS
2005.11.25.b,AUS
2005.11.25.a,ZAF
2005.11.24,NCL
2005.11.21,USA
2005.11.20,USA
2005.11.16.R,NCL
2005.11.15,ZAF
2005.11.12,USA
2005.11.02.b,USA
2005.11.02.a,USA
2005.10.29,USA
2005.10.25,OTH
2005.10.22,ZAF
2005.10.21,USA
2005.10.19,USA
2005.10.15,USA
2005.10.13,USA
2005.10.11,OTH
2005.10.06,USA
2005.10.03,BHS
2005.10.01,ZAF
2005.09.27.R,AUS
2005.09.24,AUS
2005.09.23,AUS
2005.09.20,USA
2005.09.11,USA
2005.09.07,AUS
2005.09.05,USA
2005.09.04.a,AUS
2005.09.02.b,USA
2005.09.02.a,OTH
2005.08.24.b,AUS
2005.08.24.a,USA
2005.08.21,USA
2005.08.19,USA
2005.08.12,USA
2005.08.06,USA
2005.07.27,USA
2005.07.23,USA
2005.07.17.a,OTH
2005.07.15,USA
2005.07.13,USA
2005.07.01,USA
2005.06.27,USA
2005.06.25,USA
2005.06.22,OTH
2005.06.21,MEX
2005.06.16,USA
2005.06.13,OTH
2005.06.07,USA
2005.06.04,ZAF
2005.06.02,USA
2005.05.28,USA
2005.05.27,USA
2005.05.25,ZAF
2005.05.15,AUS
2005.05.14,USA
2005.05.03,OTH
2005.05.02.R,USA
2005.05.02,USA
2005.04.25,AUS
2005.04.17.R,AUS
2005.04.16.b,AUS
2005.04.16.a,AUS
2005.04.13,USA
2005.04.07,USA
2005.04.06,USA
2005.03.28,ZAF
2005.03.27.R,AUS
2005.03.25,OTH
2005.03.19,AUS
2005.03.12,USA
2005.03.09,NZL
2005.03.05,SLB
2005.02.26,AUS
2005.02.22,USA
2005.02.16,USA
2005.02.13,USA
2005.02.04,OTH
2005.01.20,CUB
2005.01.19,AUS
2005.01.14,AUS
2005.01.08,NZL
2004.12.16,AUS
2004.12.11,AUS
2004.11.27,ZAF
2004.11.26,ZAF
2004.11.15,ZAF
2004.11.11.b,USA
2004.11.11.a,OTH
2004.11.00,NCL
2004.10.31,CUB
2004.10.30.a,ZAF
2004.10.21,AUS
2004.10.10,USA
2004.10.09.b,USA
2004.10.09.a,ZAF
2004.10.06,REU
2004.10.02,USA
2004.10.01,USA
2004.09.25,AUS
2004.09.20,USA
2004.09.08,OTH
2004.09.04,USA
2004.08.29,USA
2004.08.21,OTH
2004.08.20,USA
2004.08.15,USA
2004.08.06,USA
2004.08.03,AUS
2004.08.00,ZAF
2004.07.31,USA
2004.07.30,OTH
2004.07.28,USA
2004.07.27.b,USA
2004.07.27.a,USA
2004.07.25,USA
2004.07.19.R,AUS
2004.07.15,JPN
2004.07.10,AUS
2004.07.02.b,EGY
2004.07.02.a,USA
2004.06.26.b,USA
2004.06.14,USA
2004.06.10.b,AUS
2004.06.10.a,USA
2004.06.02,ZAF
2004.05.29,USA
2004.05.23.b,OTH
2004.05.28,USA
2004.05.23.a,USA
2004.05.22.b,USA
2004.05.22.a,OTH
2004.05.18,BHS
2004.05.04,USA
2004.05.01,OTH
2004.04.26,AUS
2004.04.22,NZL
2004.04.13.b,OTH
2004.04.07,USA
2004.04.05,ZAF
2004.03.31.b,USA
2004.03.31.a,USA
2004.03.29,OTH
2004.03.28,USA
2004.03.27.b,REU
2004.03.27.a,USA
2004.03.24,USA
2004.03.22,NZL
2004.03.16,USA
2004.03.06,AUS
2004.02.29,OTH
2004.02.26,NZL
2004.02.21,AUS
2004.02.14,EGY
2004.02.11,AUS
2004.01.25,AUS
2004.01.23,OTH
2004.01.21.b,OTH
2004.01.21.a,OTH
2004.01.15.R,ZAF
2004.01.12,AUS
2004.01.07,ZAF
2004.01.03.a,EGY
2004.00.00,AUS
2003.12.31,ZAF
2003.12.13.b,USA
2003.12.13.a,NZL
2003.12.08,AUS
2003.11.30.b,AUS
2003.11.30.a,AUS
2003.11.27,ZAF
2003.11.22,USA
2003.11.12.b,IND
2003.11.12.a,USA
2003.11.06.b,EGY
2003.11.06.a,ZAF
2003.11.01,AUS
2003.11.00,PAN
2003.10.31.c,USA
2003.10.31.b,AUS
2003.10.31.a,USA
2003.10.27,USA
2003.10.14,USA
2003.10.05.e,USA
2003.10.05.d,USA
2003.10.05.c,USA
2003.10.05.b,USA
2003.10.05.a,USA
2003.09.29,OTH
2003.09.28,USA
2003.09.21,USA
2003.09.19,USA
2003.09.17,USA
2003.09.14.c,USA
2003.09.14.b,ZAF
2003.09.13.b,USA
2003.09.13.a,USA
2003.09.12,ZAF
2003.09.00,USA
2003.08.29,USA
2003.08.19,USA
2003.08.08,ZAF
2003.07.26.R,AUS
2003.07.20,USA
2003.07.15,USA
2003.07.09,BHS
2003.07.05.b,USA
2003.07.05.a,USA
2003.07.04,BHS
2003.07.00.c,USA
2003.07.00.b,PYF
2003.07.00.a,NZL
2003.06.30,USA
2003.06.26,USA
2003.06.24.c,OTH
2003.06.24.b,USA
2003.06.24.a,USA
2003.06.22,USA
2003.06.19,USA
2003.06.08,USA
2003.05.25,USA
2003.05.14,USA
2003.05.10,USA
2003.05.07,USA
2003.05.03,USA
2003.05.00,PHL
2003.04.26,OTH
2003.04.25,OTH
2003.04.23.b,OTH
2003.04.23.a,OTH
2003.04.21.b,USA
2003.04.21.a,USA
2003.04.20.c,USA
2003.04.20.b,USA
2003.04.20.a,USA
2003.04.19,USA
2003.04.18,USA
2003.04.15,USA
2003.04.11,OTH
2003.04.09,USA
2003.04.04,USA
2003.03.10,USA
2003.02.27,NZL
2003.02.15.b,AUS
2003.02.15.a,USA
2003.02.11,AUS
2003.02.08,AUS
2003.01.03,OTH
2003.01.02,AUS
2002.12.29,AUS
2002.12.24,ZAF
2002.12.21,AUS
2002.12.16,AUS
2002.12.01,OTH
2002.11.28.b,OTH
2002.11.28.a,USA
2002.11.17,USA
2002.11.14,OTH
2002.11.11,USA
2002.11.02,USA
2002.11.00.a,PYF
2002.10.30,USA
2002.10.14,OTH
2002.10.11,USA
2002.10.05.b,USA
2002.10.05.a,USA
2002.10.03,USA
2002.09.30,USA
2002.09.29,USA
2002.09.27.c,USA
2002.09.27.b,USA
2002.09.27.a,OTH
2002.09.21.b,USA
2002.09.21.a,USA
2002.09.16.b,OTH
2002.09.16.a,USA
2002.09.13,ZAF
2002.09.09,USA
2002.09.05,USA
2002.08.28,USA
2002.08.17,USA
2002.08.14,USA
2002.08.11,USA
2002.08.07,USA
2002.08.06.R,OTH
2002.08.05,USA
2002.07.26,USA
2002.07.20,USA
2002.07.10,USA
2002.07.09.b,USA
2002.07.09.a,OTH
2002.07.04,USA
2002.06.20.b,AUS
2002.06.20.a,USA
2002.06.13.R2,PNG
2002.06.13.R1,PNG
2002.06.11.b,USA
2002.06.11.a,USA
2002.06.09.b,USA
2002.06.09.a,USA
2002.06.03,ZAF
2002.05.31.b,USA
2002.05.31.a,USA
2002.05.22.b,USA
2002.05.22.a,USA
2002.05.21.R,OTH
2002.05.21,PNG
2002.05.13,USA
2002.05.10,OTH
2002.05.07,AUS
2002.04.30,AUS
2002.04.20,USA
2002.04.18,USA
2002.04.12,AUS
2002.04.09,BHS
2002.04.02,USA
2002.04.01,USA
2002.03.25.b,USA
2002.03.25.a,USA
2002.03.24,OTH
2002.03.19,USA
2002.03.15.b,USA
2002.03.15.a,USA
2002.02.23,OTH
2002.02.16,AUS
2002.02.11,OTH
2002.02.07,AUS
2002.01.30.b,AUS
2002.01.30.a,AUS
2002.01.04,ZAF
2002.01.03,OTH
2002.01.01.b,ZAF
2002.01.01.a,USA
2001.12.21,AUS
2001.11.23,AUS
2001.11.14,USA
2001.11.07,AUS
2001.10.07,ZAF
2001.10.02,AUS
2001.09.30.b,MEX
2001.09.30.a,AUS
2001.09.24,USA
2001.09.18,USA
2001.09.15.b,USA
2001.09.15.a,USA
2001.09.13,OTH
2001.09.08,USA
2001.09.07.b,USA
2001.09.03.b,USA
2001.09.03.a,USA
2001.09.02,USA
2001.09.01,USA
2001.08.31,BHS
2001.08.29,USA
2001.08.27,USA
2001.08.26,USA
2001.08.25,USA
2001.08.22,USA
2001.08.21,USA
2001.08.19.c,USA
2001.08.19.b,USA
2001.08.19.a,USA
2001.08.18.c,USA
2001.08.18.b,USA
2001.08.18.a,USA
2001.08.16,BHS
2001.08.12,OTH
2001.08.05,USA
2001.08.04,BHS
2001.08.03,ITA
2001.07.26,USA
2001.07.25,USA
2001.07.24,USA
2001.07.21,USA
2001.07.15.b,USA
2001.07.15.a,USA
2001.07.06.b,MEX
2001.07.06.a,USA
2001.07.03,USA
2001.07.00,USA
2001.06.12,USA
2001.06.10,USA
2001.06.03,USA
2001.05.29,USA
2001.05.23,USA
2001.05.20,USA
2001.05.18,PHL
2001.05.08,ZAF
2001.05.04,AUS
2001.05.03,USA
2001.05.00,OTH
2001.04.28,USA
2001.04.13.b,USA
2001.04.13.a,USA
2001.04.12.e,USA
2001.04.12.d,USA
2001.04.12.c,USA
2001.04.12.b,USA
2001.04.12.a,USA
2001.04.11.d,USA
2001.04.11.c,USA
2001.04.11.a,USA
2001.04.10,USA
2001.04.08.b,ZAF
2001.04.08.a,AUS
2001.04.05,USA
2001.04.02.b,OTH
2001.04.02.a,AUS
2001.03.23,USA
2001.03.09,USA
2001.03.03,OTH
2001.03.00,OTH
2001.02.26,AUS
2001.02.04,AUS
2001.01.24.R,AUS
2001.01.24,CUB
2001.01.21,AUS
2001.01.09,USA
2001.01.06,NZL
2000.12.24,AUS
2000.12.12,OTH
2000.12.11,AUS
2000.12.05,OTH
2000.12.03,AUS
2000.12.00,NZL
2000.11.21,AUS
2000.11.18,USA
2000.11.06.b,AUS
2000.11.06.a,AUS
2000.11.04,USA
2000.10.29,AUS
2000.10.20,USA
2000.10.18,USA
2000.10.14,USA
2000.10.09,USA
2000.10.06.b,USA
2000.10.06.a,USA
2000.10.02,USA
2000.09.29,USA
2000.09.25,AUS
2000.09.24,AUS
2000.09.18,AUS
2000.09.16.b,OTH
2000.09.16.a,USA
2000.09.15,USA
2000.09.12,USA
2000.09.11,USA
2000.09.10.b,USA
2000.09.10.a,ZAF
2000.09.08.c,OTH
2000.09.08.b,USA
2000.09.08.a,REU
2000.09.00.b,OTH
2000.08.31,USA
2000.08.30,USA
2000.08.27.R,USA
2000.08.21,USA
2000.08.15,USA
2000.08.13,USA
2000.08.12,USA
2000.08.00,OTH
2000.07.25,USA
2000.07.22,USA
2000.07.17,USA
2000.07.16.b,USA
2000.07.16.a,ZAF
2000.07.15.b,ZAF
2000.07.15.a,ZAF
2000.07.12,OTH
2000.07.10,USA
2000.07.09,USA
2000.07.07,USA
2000.07.06,USA
2000.07.04.b,USA
2000.07.04.a,USA
2000.07.02.b,USA
2000.07.02.a,USA
2000.07.00,OTH
2000.06.30,PNG
2000.06.29,NZL
2000.06.19,USA
2000.06.13,USA
2000.06.10,USA
2000.06.09.b,USA
2000.06.09.a,USA
2000.06.02,USA
2000.06.00,OTH
2000.05.13,NCL
2000.05.07.b,PNG
2000.05.07.a,PNG
2000.04.14,USA
2000.04.09,USA
2000.03.31,USA
2000.03.30,AUS
2000.03.26,USA
2000.03.24,USA
2000.03.15,NCL
2000.03.14,AUS
2000.03.10,AUS
2000.03.09,AUS
2000.03.02,AUS
2000.03.00,USA
2000.02.21,USA
2000.02.19,ZAF
2000.02.14,ENG
2000.02.03,NZL
2000.02.01,AUS
2000.01.28.R,REU
2000.01.05,OTH
2000.00.00,USA
1999.12.31.c,NZL
1999.12.31.b,NZL
1999.12.31.a,NZL
1999.12.26,OTH
1999.12.02,USA
1999.11.30,USA
1999.11.23,USA
1999.11.15,USA
1999.11.13,ZAF
1999.11.06,OTH
1999.11.00.b,OTH
1999.11.00.a,OTH
1999.10.30.b,USA
1999.10.30.a,USA
1999.10.20,USA
1999.10.01,USA
1999.09.29,USA
1999.09.24,ITA
1999.09.18,USA
1999.09.16,USA
1999.09.10,USA
1999.09.05,USA
1999.09.04.b,USA
1999.09.04.a,USA
1999.08.26,USA
1999.08.24,USA
1999.08.23,OTH
1999.08.21,USA
1999.08.16,USA
1999.08.05.a,USA
1999.08.05,BHS
1999.07.29,ZAF
1999.07.26,USA
1999.07.21,USA
1999.07.15,ZAF
1999.07.06,USA
1999.07.04,USA
1999.07.03,ZAF
1999.06.19,USA
1999.06.17,USA
1999.06.12,USA
1999.06.09,USA
1999.05.29,AUS
1999.05.01,OTH
1999.04.22,OTH
1999.04.11,REU
1999.04.01,USA
1999.03.18.R,NZL
1999.03.18.b,OTH
1999.03.18.a,USA
1999.03.14.b,NCL
1999.03.14.a,NZL
1999.03.08,USA
1999.03.05,USA
1999.02.26.R,USA
1999.02.23,AUS
1999.02.03,USA
1999.01.29,OTH
1999.01.13,ZAF
1999.01.07,NZL
1999.01.03,REU
1999.00.00.b,ZAF
1998.12.24,USA
1998.12.22,AUS
1998.12.20.R,ZAF
1998.12.18,ZAF
1998.12.15,AUS
1998.11.21,USA
1998.11.14,USA
1998.11.11,USA
1998.11.05,USA
1998.11.02.b,JPN
1998.11.02.a,OTH
1998.10.24,USA
1998.10.18,ZAF
1998.10.10,USA
1998.10.04,OTH
1998.10.01.b,REU
1998.10.01.a,USA
1998.09.27,USA
1998.09.22,USA
1998.09.16.R,ZAF
1998.09.14,USA
1998.09.00,OTH
1998.08.30,USA
1998.08.26,USA
1998.08.23.R,USA
1998.08.15,BHS
1998.08.13,USA
1998.08.12,ZAF
1998.08.01.b,ZAF
1998.08.01.a,ZAF
1998.07.26,OTH
1998.07.25,USA
1998.07.06.b,ZAF
1998.07.11,ZAF
1998.07.06.a,ZAF
1998.06.28.a,AUS
1998.06.22,ZAF
1998.06.08,USA
1998.06.05,ZAF
1998.05.30,ZAF
1998.05.29.b,ZAF
1998.05.29.a,ZAF
1998.05.25,USA
1998.05.16.c,USA
1998.05.16.b,USA
1998.05.16.a,ZAF
1998.04.26,MOZ
1998.04.21,USA
1998.04.17,USA
1998.04.01,OTH
1998.04.00,NCL
1998.03.31,USA
1998.03.15,ZAF
1998.03.08.a,USA
1998.02.23,USA
1998.01.28.a,NCL
1998.01.25.b,REU
1998.01.25.a,ZAF
1998.01.17,AUS
1998.01.14,MOZ
1998.00.00.c,ZAF
1998.00.00.b,REU
1998.00.00.a,USA
1997.12.28.b,ZAF
1997.12.28.a,ZAF
1997.12.25.a,USA
1997.11.09,AUS
1997.11.05.R,USA
1997.10.28.b,AUS
1997.10.28.a,USA
1997.10.24,USA
1997.10.21,USA
1997.10.11.R,ZAF
1997.10.04,USA
1997.09.16,OTH
1997.09.09,USA
1997.09.08,USA
1997.09.06,USA
1997.08.30,USA
1997.08.27,USA
1997.08.24,USA
1997.08.14.a,MEX
1997.08.11.c,USA
1997.08.11.b,EGY
1997.08.11.a,EGY
1997.08.10,USA
1997.08.09,USA
1997.08.05,USA
1997.08.04,USA
1997.08.02.b,USA
1997.08.02.a,USA
1997.07.27,AUS
1997.07.21,ZAF
1997.07.17,OTH
1997.07.14,USA
1997.07.12,OTH
1997.07.02.R,OTH
1997.06.24,USA
1997.06.15,OTH
1997.06.09,USA
1997.06.07,OTH
1997.06.02,USA
1997.05.31.c,USA
1997.05.31.b,USA
1997.05.31.a,USA
1997.05.26,BHS
1997.05.17,BHS
1997.04.20,OTH
1997.02.28.b,AUS
1997.02.28.a,AUS
1997.02.21,USA
1997.02.20,REU
1997.02.03,AUS
1997.01.25,AUS
1997.01.20,AUS
1997.01.03.a,REU
1997.01.01,AUS
1996.12.29,AUS
1996.12.10,ZAF
1996.12.00.b,NCL
1996.12.00.a,NCL
1996.11.29.a,USA
1996.11.18,USA
1996.10.28.b,OTH
1996.10.28.a,OTH
1996.10.09,OTH
1996.10.05.,USA
1996.10.03.b,USA
1996.10.03.a,USA
1996.10.00,OTH
1996.09.18,USA
1996.09.06.b,NZL
1996.09.06.a,USA
1996.09.02.b,USA
1996.09.02.a,USA
1996.09.01.a,ZAF
1996.08.29,USA
1996.08.13,USA
1996.08.11,USA
1996.07.26,USA
1996.07.23.b,OTH
1996.07.23.a,OTH
1996.07.21,USA
1996.07.20,USA
1996.07.14,USA
1996.07.10,USA
1996.07.04.b,USA
1996.07.04.a,BHS
1996.06.25,USA
1996.06.06,AUS
1996.06.04,ZAF
1996.05.28,ZAF
1996.05.18,USA
1996.05.10,OTH
1996.05.07,USA
1996.04.28.b,USA
1996.04.25.b,AUS
1996.04.25.a,AUS
1996.04.07,OTH
1996.03.05,AUS
1996.03.00,AUS
1996.02.26,AUS
1996.02.19.R,USA
1996.02.10.c,PNG
1996.02.10.b,PNG
1996.02.10.a,PNG
1996.02.05,OTH
1996.02.04,AUS
1996.01.23,USA
1996.01.22,AUS
1996.01.16,USA
1996.01.14.b,AUS
1996.01.12,AUS
1996.01.10,REU
1996.00.00.b,OTH
1996.00.00.a,USA
1995.12.18,USA
1995.11.29,NZL
1995.11.25.a,OTH
1995.11.17,AUS
1995.10.28.R,USA
1995.10.21,USA
1995.10.11,AUS
1995.10.01,USA
1995.09.30.b,USA
1995.09.30.a,USA
1995.09.28,USA
1995.09.19.,USA
1995.09.17,USA
1995.09.16,REU
1995.09.13,USA
1995.09.11,AUS
1995.09.03.b,USA
1995.08.31.b,USA
1995.08.31.a,USA
1995.08.27,OTH
1995.08.26/b,USA
1995.08.26.a,USA
1995.08.25,USA
1995.08.22.c,USA
1995.08.22.a,USA
1995.08.21,USA
1995.08.19,OTH
1995.08.15,USA
1995.08.10.b,USA
1995.08.10.a,USA
1995.08.07,USA
1995.07.28.e,USA
1995.07.28.d,USA
1995.07.28.c,USA
1995.07.28.b,USA
1995.07.28.a,USA
1995.07.24,USA
1995.07.23,USA
1995.07.07,OTH
1984.11.08,ZAF
1995.07.06,USA
1995.07.03,USA
1995.07.00,USA
1995.06.30,USA
1995.06.24,USA
1995.06.23,USA
1995.06.17.b,USA
1995.06.17.a,USA
1995.06.16,USA
1995.06.14,USA
1995.06.13,HKG
1995.06.02,HKG
1995.05.31,HKG
1995.05.26,USA
1995.05.24,OTH
1995.05.18,AUS
1995.05.12,OTH
1995.04.13,USA
1995.04.09.b,AUS
1995.04.09.a,JPN
1995.03.21,AUS
1995.03.11,AUS
1995.03.05,OTH
1995.02.19,ZAF
1995.02.00,OTH
1995.01.24,ZAF
1995.01.02,OTH
1995.00.00.d,AUS
1995.00.00.b,USA
1994.12.30,ZAF
1994.12.18,USA
1994.12.13,OTH
1994.12.11,OTH
1994.12.10,OTH
1994.12.09.a,USA
1994.12.01,OTH
1994.11.25.a,ZAF
1994.11.13,USA
1994.11.06.a,USA
1994.10.18,OTH
1994.10.17,OTH
1994.10.08,USA
1994.10.05,USA
1994.09.26,USA
1994.09.21,USA
1994.09.11.R,USA
1994.09.05,USA
1994.08.22,JPN
1994.07.24,OTH
1994.07.09.d,OTH
1994.07.09.c,REU
1994.07.09.b,ZAF
1994.07.09.a,ZAF
1994.07.08.b,OTH
1994.07.08.a,USA
1994.06.24,BHS
1994.05.31.b,USA
1994.05.31.a,USA
1994.05.28,USA
1994.05.24,USA
1994.05.23,USA
1994.05.15,USA
1994.04.15,REU
1994.04.06,BHS
1994.04.03,USA
1994.04.02,ZAF
1994.03.23.b,OTH
1994.03.23.a,OTH
1994.03.07,USA
1994.03.01,OTH
1994.02.27,ZAF
1994.02.19,USA
1994.02.13,USA
1994.02.12,ZAF
1994.02.00,NCL
1994.01.31.b,OTH
1994.01.31.a,USA
1994.01.30,ZAF
1994.01.12.R,AUS
1994.01.09,AUS
1994.01.03,ZAF
1994.00.00.b,HKG
1994.00.00.a,USA
1993.12.00,USA
1993.11.28,USA
1993.11.21,AUS
1993.11.12,USA
1993.11.00,OTH
1993.10.30,USA
1993.10.26,USA
1993.10.10,USA
1993.10.00,USA
1993.09.30,OTH
1993.09.26,ZAF
1993.09.16.b,OTH
1993.09.16.a,OTH
1993.09.14,USA
1993.09.09,USA
1993.09.03,ESP
1993.08.21,BHS
1993.08.19.R,USA
1993.08.19,USA
1993.08.15.b,USA
1993.08.15.a,USA
1993.08.14,AUS
1993.08.12,USA
1993.08.00.b,NCL
1993.08.00.a,OTH
1993.07.30,ZAF
1993.07.07,USA
1993.06.30,OTH
1993.06.29,REU
1993.06.11.b,HKG
1993.06.11.a,MEX
1993.06.10,USA
1993.06.09,AUS
1993.06.05,AUS
1993.06.01,HKG
1993.06.00,USA
1993.05.00.b,HKG
1993.05.00.a,OTH
1993.03.27,OTH
1993.03.22,USA
1993.03.17,JPN
1993.03.14,USA
1993.03.12,USA
1993.03.00,NCL
1993.02.19,OTH
1993.02.18,OTH
1993.02.04,AUS
1993.01.23,OTH
1993.01.05,AUS
1993.01.04,OTH
1993.01.02,USA
1993.00.00.d,OTH
1993.00.00.c,OTH
1993.00.00.b,OTH
1993.00.00.a,USA
1992.12.28,USA
1992.12.23,USA
1992.11.29,USA
1992.11.25.a,USA
1992.11.23,USA
1992.11.14,USA
1992.11.12.R,OTH
1992.11.11,USA
1992.11.05.b,USA
1992.11.05.a,USA
1992.10.29,USA
1992.10.22,USA
1992.10.15,AUS
1992.10.11,OTH
1992.10.01,AUS
1992.09.18,OTH
1992.09.13,USA
1992.09.11,USA
1992.09.10,OTH
1992.09.00,USA
1992.08.29,BHS
1992.08.25,AUS
1992.08.18,USA
1992.08.17,USA
1992.07.21,USA
1992.07.08.b,OTH
1992.07.08.a,OTH
1992.06.28.b,OTH
1992.06.28.a,REU
1992.06.19,OTH
1992.06.17,JPN
1992.06.00,REU
1992.05.22,REU
1992.05.00,MEX
1992.04.24,NZL
1992.04.09,ZAF
1992.03.28,USA
1992.03.10,AUS
1992.03.08.c,JPN
1992.03.08.b,JPN
1992.03.08.a,USA
1992.02.19,USA
1992.02.14,JPN
1992.01.29.b,REU
1992.01.29.a,AUS
1992.01.23,ZAF
1992.01.08,ZAF
1992.01.06,OTH
1992.01.03,JPN
1992.00.00,OTH
1991.12.04,USA
1991.11.26.b,USA
1991.11.26.a,USA
1991.11.19,USA
1991.11.14,USA
1991.11.00,AUS
1991.10.12,USA
1991.10.05,USA
1991.09.08,AUS
1991.08.30,AUS
1991.08.26,USA
1991.08.12,USA
1991.08.09,USA
1991.07.30,ITA
1991.07.27,USA
1991.07.18,USA
1991.07.07,USA
1991.07.01.b,REU
1991.07.01.a,USA
1991.06.29,HKG
1991.06.28,HKG
1991.06.26,USA
1991.06.07.b,USA
1991.06.07.a,HKG
1991.05.26,USA
1991.05.19,ZAF
1991.04.24,OTH
1991.04.16.b,USA
1991.04.16.a,USA
1991.04.03,USA
1991.03.03,AUS
1991.02.24,USA
1991.02.12,ZAF
1991.01.19,AUS
1991.01.09,AUS
1991.01.00,AUS
1990.11.28,AUS
1990.11.03,USA
1990.11.01,USA
1990.10.30.b,USA
1990.10.30.a,USA
1990.10.27,AUS
1990.10.25,AUS
1990.10.20,USA
1990.10.15,USA
1990.10.12,USA
1990.09.15,ZAF
1990.09.08,USA
1990.09.05,USA
1990.08.28,USA
1990.08.19.b,USA
1990.08.19.a,USA
1990.07.22,USA
1990.07.08,USA
1990.06.24,ZAF
1990.06.23,BHS
1990.05.13,ZAF
1990.05.10,AUS
1990.05.06,ZAF
1990.04.14,ZAF
1990.04.09,AUS
1990.04.08,AUS
1990.04.07,AUS
1990.04.06,AUS
1990.04.01,USA
1990.03.24,OTH
1990.03.05,REU
1990.02.17,USA
1990.02.05,USA
1990.01.12,USA
1990.00.00,USA
1989.12.19,USA
1989.12.03,AUS
1989.11.22,AUS
1989.11.18,ZAF
1989.11.02,AUS
1989.10.29.R,AUS
1989.10.22,AUS
1989.10.11,USA
1989.10.01,AUS
1989.09.17,ZAF
1989.09.13,USA
1989.09.10,USA
1989.09.09.b,USA
1989.09.09.a,USA
1989.09.03,USA
1989.08.29,AUS
1989.08.22.b,USA
1989.08.22.a,ZAF
1989.08.13,AUS
1989.08.09,BHS
1989.08.06.R,AUS
1989.07.20,ZAF
1989.07.19,REU
1989.07.14,USA
1989.07.07,USA
1989.06.29,USA
1989.06.17,USA
1989.06.06,ITA
1989.06.05,ZAF
1989.06.03,ZAF
1989.06.00,JPN
1989.04.23,USA
1989.04.12,USA
1989.04.09,USA
1989.04.03,USA
1989.04.00,USA
1989.03.09,AUS
1989.03.04,AUS
1989.02.19,ZAF
1989.02.15,ZAF
1989.02.02,ITA
1989.01.26.a,USA
1989.01.20.b,USA
1989.01.20.a,ZAF
1989.01.08,USA
1989.01.03,AUS
1989.00.00.b,PNG
1989.00.00.a,USA
1988.12.15,OTH
1988.11.08,AUS
1988.11.07,AUS
1988.10.24,PHL
1988.10.23,USA
1988.10.22,AUS
1988.10.14,USA
1988.10.11,USA
1988.10.10,USA
1988.10.06,AUS
1988.10.00,USA
1988.09.28,USA
1988.09.13.b,USA
1988.09.13.a,USA
1988.08.22.b,USA
1988.08.22.a,ITA
1988.08.19,JPN
1988.08.11,USA
1988.07.23,BHS
1988.07.19,BHS
1988.07.17,BHS
1988.07.11,USA
1988.07.04.b,USA
1988.07.04.a,BHS
1988.07.00,BHS
1988.06.19,ZAF
1988.06.16,USA
1988.06.09,USA
1988.06.05,USA
1988.06.01,USA
1988.05.27,OTH
1988.05.10,USA
1988.05.04,USA
1988.04.28,REU
1988.04.24,USA
1988.04.15a,USA
1988.04.14.b,USA
1988.04.14.a,USA
1988.03.31,USA
1988.03.25,USA
1988.03.16,ZAF
1988.03.14,REU
1988.02.15,ZAF
Unknown,OTH
1988.02.13,ZAF
1988.02.12,AUS
1988.02.02,OTH
1988.01.14,USA
1988.01.06,ZAF
1988.01.05.R,ZAF
1988.00.00.c,AUS
1987.12.20,PHL
1987.12.17,USA
1987.11.21,USA
1987.10.26,USA
1987.10.11,ZAF
1987.10.06,OTH
1987.09.18,AUS
1987.09.13,ZAF
1987.08.20,USA
1987.08.15,USA
1987.07.21,USA
1987.07.12.b,USA
1987.07.12.a,USA
1987.07.11,USA
1987.07.09,BHS
1987.07.00,BHS
1987.06.13,USA
1987.05.25,USA
1987.05.08,USA
1987.05.06,AUS
1987.04.18,USA
1987.04.15,USA
1987.04.01,OTH
1987.03.30.b,AUS
1987.03.30.a,ZAF
1987.02.28,USA
1987.02.19,SLB
1987.01.28,ZAF
1987.01.06,AUS
1987.00.00.a,ITA
1986.12.31,ZAF
1986.12.22,ZAF
1986.12.11,USA
1986.12.06.b,BHS
1986.12.06.a,USA
1986.12.00,NCL
1986.11.30,USA
1986.11.19,USA
1986.11.04,USA
1986.10.17,ZAF
1986.10.03,USA
1986.10.05,ZAF
1986.10.01,AUS
1986.10.00,USA
1986.09.00.b,USA
1986.09.00.a,USA
1986.08.19,USA
1986.08.03,AUS
1986.08.00,OTH
1986.07.26,AUS
1986.07.09,USA
1986.07.00.a,ZAF
1986.05.18,AUS
1986.05.15,OTH
1986.04.20,USA
1986.04.00,ESP
1986.03.18,ESP
1986.03.15,ZAF
1986.03.05,ZAF
1986.02.18,ZAF
1986.02.17,ZAF
1986.02.07,ZAF
1986.02.06,ZAF
1986.02.01,AUS
1986.01.12,USA
1986.00.00,USA
1985.12.22,ZAF
1985.12.10,USA
1985.11.11,AUS
1985.11.05,USA
1985.11.03,USA
1985.10.24,ZAF
1985.10.22,USA
1985.10.18,USA
1985.10.12,USA
1985.10.05,USA
1985.09.28,USA
1985.09.08.a,USA
1985.08.22,USA
1985.07.25.b,USA
1985.07.25.a,USA
1985.07.21,USA
1985.07.19,USA
1985.07.00,ITA
1985.05.08,ZAF
1985.03.16,USA
1985.03.03,AUS
1985.02.18,USA
1985.02.03,USA
1985.01.27,ZAF
1985.01.17,ZAF
1985.01.16,NZL
1985.01.04,ZAF
1985.01.00.b,NCL
1985.01.00.a,ZAF
1985.00.00.f,OTH
1985.00.00.a,IRN
1984.12.03,ITA
1984.11.30,AUS
1984.11.11,USA
1984.11.04,USA
1984.10.21,USA
1984.10.14.a,USA
1984.09.30.b,USA
1984.09.30.a,USA
1984.09.23,USA
1984.09.22.b,USA
1984.09.22.a,USA
1984.09.19,USA
1984.09.17,USA
1984.09.15,USA
1984.09.11,MEX
1984.08.07,IDN
1984.07.24.b,USA
1984.07.24.a,USA
1984.07.01,USA
1984.07.00.a,ZAF
1984.06.15,ZAF
1984.06.03.b,USA
1984.06.03,OTH
1984.05.31,ZAF
1984.03.14,ZAF
1984.03.10,ZAF
1984.03.01,AUS
1984.02.18,ZAF
1984.02.17,ZAF
1984.02.11,AUS
1984.01.05,ZAF
1984.01.04,ZAF
1984.00.00.b,USA
1984.00.00.a,USA
1983.12.25,USA
1983.12.24,AUS
1983.12.22,ZAF
1983.12.21,ZAF
1983.11.21,PHL
1983.11.10.R,USA
1983.10.17.a,USA
1983.10.13,USA
1983.09.04,USA
1983.08.20.b,USA
1983.08.20.a,ZAF
1983.08.15,USA
1983.08.13.b,USA
1983.08.13.a,USA
1983.08.06,USA
1983.07.26,AUS
1983.07.25.b,AUS
1983.07.25.a,AUS
1983.07.15,ZAF
1983.07.12.b,USA
1983.07.12.a,BHS
1983.07.05,USA
1983.06.29,USA
1983.06.22,BHS
1983.06.20,USA
1983.06.15,BHS
1983.06.00,BHS
1983.05.31,USA
1983.05.24,USA
1983.05.21,USA
1983.04.19,USA
1983.04.12,ZAF
1983.04.02.b,USA
1983.03.30.a,ZAF
1983.03.22,ZAF
1983.03.10,USA
1983.03.00,NCL
1983.02.20,ZAF
1983.01.24,USA
1983.01.10,ZAF
1983.01.08,ZAF
1983.00.00.d,OTH
1983.00.00.c,OTH
1983.00.00.b,USA
1982.11.00,USA
1982.10.13,USA
1982.09.30.b,ZAF
1982.09.30.a,ZAF
1982.09.27,USA
1982.09.25,USA
1982.09.19,USA
1982.08.29.c,JPN
1982.08.29.a,ZAF
1982.08.00,OTH
1982.07.24.b,ZAF
1982.07.24.a,USA
1982.07.19,USA
1982.07.01,USA
1982.07.00,NCL
1982.06.29,ZAF
1982.06.26.b,USA
1982.06.26.a,BHS
1982.06.25,USA
1982.06.13,USA
1982.03.10,USA
1982.03.07,AUS
1982.03.00,NCL
1982.02.28,AUS
1982.02.27,USA
1982.02.17,ZAF
1982.02.14.b,USA
1982.02.14.a,USA
1982.02.13,USA
1982.02.07.a,USA
1982.02.07..b,USA
1982.01.29,ZAF
1982.00.00.c,ITA
1982.00.00.b,ITA
1982.00.00.a,OTH
1981.12.19,USA
1981.12.13.b,AUS
1981.12.13.a,USA
1981.11.30,REU
1981.10.19.b,ZAF
1981.11.09,USA
1981.10.19.a,USA
1981.10.17,USA
1981.10.16,USA
1981.10.01,USA
1981.09.28,USA
1981.09.27,USA
1981.09.15,USA
1981.09.03.b,USA
1981.09.03.a,USA
1981.08.29,USA
1981.08.24.b,USA
1981.08.10.b,USA
1981.08.10.a,USA
1981.08.07,BHS
1981.07.20,USA
1981.07.18,ZAF
1981.07.07,USA
1981.07.01,ZAF
1981.06.15.R,ENG
1981.05.24,USA
1981.05.23,OTH
1981.05.20,ZAF
1981.05.19,USA
1981.05.16,USA
1981.05.10,ZAF
1981.05.07,OTH
1981.03.08,OTH
1981.05.05,ZAF
1981.03.25,USA
1981.03.24,USA
1981.03.04,OTH
1981.03.00,OTH
1981.02.19,ZAF
1981.02.16,AUS
1981.02.07,AUS
1981.02.02,USA
1981.02.00,OTH
1981.01.30,USA
1981.00.00.b,AUS
1981.00.00.a,OTH
1980.12.30,ZAF
1980.11.24,REU
1980.11.18,AUS
1980.11.11.,OTH
1980.10.27,USA
1980.10.17,USA
1980.08.22.R,MEX
1980.08.10,USA
1980.08.04,USA
1980.07.26,ESP
1980.07.27,USA
1980.07.23,USA
1980.07.00,USA
1980.06.26,USA
1980.05.15,ZAF
1980.04.25,JAM
1980.04.22,PHL
1980.04.00,MEX
1980.03.29,ZAF
1980.03.28,OTH
1980.03.15,PHL
1980.03.11,ZAF
1980.01.31,ZAF
1980.01.25,OTH
1980.01.15,ZAF
1980.01.13,ZAF
1980.01.10,ZAF
1980.01.05,OTH
1980.00.00.d,OTH
1980.00.00.a,OTH
1979.12.21,ZAF
1979.12.00,OTH
1979.12.01,OTH
1979.11.27,USA
1979.11.12,ZAF
1979.10.22,ZAF
1979.09.14,AUS
1979.08.28,HKG
1979.08.26,HKG
1979.08.05,USA
1979.08.03,OTH
1979.06.19,USA
1979.05.05,ZAF
1979.05.03,ZAF
1979.05.00.c,NCL
1979.05.00.b,NCL
1979.04.08.b,USA
1979.04.08.a,USA
1979.03.24,USA
1979.03.11,USA
1979.03.01,ZAF
1979.03.00,NCL
1979.02.21,ZAF
1979.00.00,USA
1978.12.29,AUS
1978.12.12,ZAF
1978.11.26,USA
1978.11.23,USA
1978.09.27,ZAF
1978.09.16,ITA
1978.09.02.R,AUS
1978.08.05,USA
1978.08.01.R,USA
1978.07.27,USA
1978.07.19,USA
1978.06.21.b,USA
1978.06.21.a,USA
1978.04.02.b,OTH
1978.04.02.a,OTH
1978.04.00,AUS
1978.03.05,ZAF
1978.02.28,ZAF
1978.02.19,ZAF
1978.01.17,ZAF
1978.00.00.b,USA
1978.00.00.a,OTH
1977.12.31,USA
1977.12.19.b,USA
1977.12.19.a,ZAF
1977.12.00,ZAF
1977.11.12,ZAF
1977.10.30,ZAF
1977.08.31,AUS
1977.08.23,AUS
1977.08.19,ZAF
1977.08.14,USA
1977.07.02,USA
1977.06.26,USA
1977.06.06,USA
1977.05.26,ZAF
1977.05.16,AUS
1977.04.26,AUS
1977.04.21,USA
1977.03.17,ZAF
1977.03.13.c,AUS
1977.03.13.b,AUS
1977.03.13.a,AUS
1977.02.26,AUS
1977.02.00,NCL
1977.01.00,MEX
1976.12.29,AUS
1976.12.18,USA
1976.11.27,ZAF
1976.11.25,USA
1976.11.06,ZAF
1976.10.27,ZAF
1976.10.18,USA
1976.10.06,ZAF
1976.09.22,NCL
1976.09.19,AUS
1976.09.17,HKG
1976.09.12.b,USA
1976.09.12.a,USA
1976.09.06,USA
1976.08.26,USA
1976.08.24,USA
1976.07.24,USA
1976.07.21,USA
1976.07.16,USA
1976.07.12,USA
1976.06.23,USA
1976.06.10,USA
1976.06.02.R,ITA
1976.06.01,AUS
1976.05.02,ZAF
1976.03.12.b,USA
1976.03.12.a,ZAF
1976.03.09,ZAF
1976.03.02,ZAF
1976.02.03,ZAF
1976.01.13,ZAF
1976.01.12,AUS
1976.01.11,ZAF
1976.01.08,USA
1976.01.02,NZL
1976.00.00.b,USA
1975.12.29,AUS
1975.12.06,USA
1975.12.02,AUS
1975.11.19.b,AUS
1975.11.19.a,ZAF
1975.11.07,AUS
1975.11.02,USA
1975.10.12,AUS
1975.09.00,ZAF
1975.08.17,ZAF
1975.08.12,USA
1975.08.09,USA
1975.08.04,HKG
1975.07.30.b,USA
1975.07.30.a,AUS
1975.07.26.b,USA
1975.07.26.a,AUS
1975.07.23,USA
1975.07.19,USA
1975.07.15,USA
1975.07.05,AUS
1975.07.04,USA
1975.06.23.b,USA
1975.06.23.a,USA
1975.06.15,USA
1975.06.02.R,USA
1975.06.00.c,USA
1975.05.25,USA
1975.05.20,USA
1975.04.05,ZAF
1975.03.18,AUS
1975.03.16,USA
1975.03.13,AUS
1975.03.09,ZAF
1975.03.00,OTH
1975.02.23,ZAF
1975.02.14.R,ZAF
1975.02.10,AUS
1975.02.09,AUS
1975.02.07,AUS
1975.02.01,ZAF
1975.01.19,AUS
1975.00.00.b,OTH
1975.00.00.a,REU
1974.12.10,AUS
1974.11.01,USA
1974.09.28,USA
1974.09.14,USA
1974.09.07,OTH
1974.09.02.b,USA
1974.09.02.a,USA
1974.09.01,AUS
1974.09.00,USA
1974.08.23,HKG
1974.08.16.c,HKG
1974.08.16.b,HKG
1974.08.16.a,HKG
1974.08.10,HRV
1974.08.05,USA
1974.07.26,USA
1974.07.20,USA
1974.07.02,USA
1974.06.20,USA
1974.05.26,USA
1974.04.25.R,OTH
1974.04.20,ZAF
1974.04.14,ZAF
1974.04.12,USA
1974.04.04,ZAF
1974.03.21,ZAF
1974.03.00,ZAF
1974.02.13.b,ZAF
1974.02.13.a,ZAF
1974.02.00.b,ZAF
1974.02.00.a,ZAF
1974.01.13,ZAF
1974.01.09,AUS
1974.01.07.c,ZAF
1974.01.07.b,MOZ
1974.01.07.a,MOZ
1974.00.00.b,AUS
1974.00.00.a,HRV
1973.12.25,MOZ
1973.12.21.b,MOZ
1973.12.19.R,PHL
1973.12.18,USA
1973.12.00,MEX
1973.11.25,AUS
1973.11.24,USA
1973.11.03,AUS
1973.09.29,ZAF
1973.09.14,BHS
1973.09.10.R,HKG
1973.09.09,MEX
1973.09.00,EGY
1973.08.27,AUS
1973.08.25,AUS
1973.08.16,USA
1973.06.13,HKG
1973.04.04,MEX
1973.03.26,AUS
1973.03.05,MOZ
1973.03.00,ZAF
1973.02.27,MEX
1973.01.21,ZAF
1973.01.09,USA
1973.00.00.c,OTH
1973.00.00.b,OTH
1973.00.00.a,ZAF
1972.12.31,ZAF
1972.12.26,MOZ
1972.12.25,MEX
1972.12.24,ZAF
1972.12.22,AUS
1972.12.08,AUS
1972.12.01,REU
1972.10.22,AUS
1972.10.21,AUS
1972.10.14.b,USA
1972.10.14.a,USA
1972.10.10.R,NZL
1972.09.09,USA
1972.08.29,USA
1972.08.17,USA
1972.08.08,AUS
1972.06.26.b,AUS
1972.06.26.a,AUS
1972.06.10,USA
1972.05.28,USA
1972.05.06,PYF
1972.04.16,OTH
1972.04.01.b,AUS
1972.04.01.a,MOZ
1972.03.21,OTH
1972.03.16,USA
1972.02.20,AUS
1972.02.12,AUS
1972.01.01.c,ZAF
1972.01.01.b,ZAF
1972.01.01.a,MOZ
1972.00.00.b,OTH
1972.00.00.a,OTH
1971.12.23,AUS
1971.12.16,ZAF
1971.12.05,AUS
1971.11.27,HKG
1971.11.25.R,AUS
1971.10.23,USA
1971.10.14,ZAF
1971.10.02,USA
1971.09.25,USA
1971.09.07,HRV
1971.09.05,AUS
1971.08.21,AUS
1971.07.26,USA
1971.07.19,USA
1971.06.30,ZAF
1971.06.01,OTH
1971.04.16R,OTH
1971.04.11,ZAF
1971.04.06,MEX
1971.04.05.b,OTH
1971.04.05.a,OTH
1971.04.00,MOZ
1971.03.30,NZL
1971.01.02,AUS
1971.00.00.c,AUS
1971.00.00.b,IRN
1971.00.00.a,IRN
1970.12.17,MOZ
1970.12.13,MOZ
1970.12.07,OTH
1970.12.03,USA
1970.11.00,OTH
1970.10.24,USA
1970.10.00,USA
1970.09.28,OTH
1970.09.13,OTH
1970.09.05,USA
1970.09.02,AUS
1970.09.00.c,USA
1970.09.00.a,USA
1970.07.05,OTH
1970.06.22,USA
1970.06.15,ZAF
1970.06.13.b,OTH
1970.06.13.a,OTH
1970.06.00,PHL
1970.04.04,OTH
1970.04.00.b,OTH
1970.04.00.a,SLB
1970.03.23,USA
1970.02.05,OTH
1970.01.23.d,MOZ
1970.01.23.c,MOZ
1970.01.23.b,MOZ
1970.01.23.a,MOZ
1970.01.16,EGY
1970.01.10,MEX
1970.01.09.R,ENG
1970.01.00,PNG
1970.00.00.h,OTH
1970.00.00.g,ESP
1970.00.00.f,ITA
1970.00.00.e,HRV
1970.00.00.d,OTH
1970.00.00.c,OTH
1970.00.00.b,OTH
1970.00.00.a,OTH
1969.11.30,AUS
1969.11.11,USA
1969.11.05,AUS
1969.10.14,USA
1969.09.06,USA
1969.08.29,USA
1969.08.22,USA
1969.08.02,USA
1969.08.01,USA
1969.08.00,OTH
1969.07.27,ENG
1969.07.22,USA
1969.07.20,USA
1969.06.27,USA
1969.06.12,JAM
1969.06.00,USA
1969.05.25,USA
1969.05.24,USA
1969.05.22,OTH
1969.05.14,AUS
1969.04.19,USA
1969.03.25,AUS
1969.03.09,USA
1969.02.17.R,AUS
1969.01.27,AUS
1969.01.00,AUS
1969.00.00,BHS
1968.12.26,AUS
1968.12.25,NZL
1968.12.09,AUS
1968.12.02,ZAF
1968.11.06,ZAF
1968.11.02,AUS
1968.10.29,BHS
1968.10.13,USA
1968.10.10,PHL
1968.09.15,NZL
1968.08.24,USA
1968.08.21,USA
1968.08.13,PYF
1968.08.11,OTH
1968.08.08,OTH
1968.07.27,USA
1968.07.23,USA
1968.07.16,USA
1968.07.10,BHS
1968.06.25,BHS
1968.06.09,USA
1968.06.00,ENG
1968.05.00,PNG
1968.04.20,USA
1968.04.15,AUS
1968.04.11.R,PNG
1968.04.07,AUS
1968.03.25,ZAF
1968.03.10,USA
1968.02.26,USA
1968.02.20,AUS
1968.02.18,NZL
1968.02.04,AUS
1968.02.02,AUS
1968.02.00,MOZ
1968.01.17,PNG
1968.00.00.c,OTH
1967.12.30,ZAF
1967.12.18,OTH
1967.12.17,AUS
1967.12.14,USA
1967.11.30.b,AUS
1967.11.30.a,AUS
1967.11.15,OTH
1967.11.04,PHL
1967.10.26.R,MEX
1967.10.17,USA
1967.10.00,OTH
1967.09.13,ITA
1967.09.07.b,PNG
1967.09.07.a,USA
1967.09.06,PNG
1967.09.01,PNG
1967.08.27,USA
1967.08.26,JPN
1967.08.25,ITA
1967.08.19,AUS
1967.08.15,OTH
1967.08.14.R,OTH
1967.08.07,USA
1967.08.00.b,BHS
1967.08.00.a,OTH
1967.07.29,USA
1967.07.05,OTH
1967.06.13,USA
1967.06.00,ITA
1967.05.13,AUS
1967.05.09,AUS
1967.04.00,OTH
1967.03.20,NZL
1967.03.19,ZAF
1967.03.12,AUS
1967.03.09,NZL
1967.03.01,PNG
1967.02.06,MEX
1967.01.27,ZAF
1967.01.22,ZAF
1967.01.21,MOZ
1967.01.06,AUS
1966.12.31,AUS
1966.12.27.b,AUS
1966.12.27.a,AUS
1966.12.26,OTH
1966.11.14,OTH
1966.11.00,PNG
1966.10.30,PNG
1966.10.29,PNG
1966.09.27,AUS
1966.09.19,USA
1966.09.13,AUS
1966.09.10,AUS
1966.09.08.b,USA
1966.08.28,AUS
1966.08.27.a,BHS
1966.08.21.b,OTH
1966.08.21.a,OTH
1966.08.16,HRV
1966.08.14,OTH
1966.08.13,ITA
1966.08.00.a,USA
1966.07.31,USA
1966.07.19,USA
1966.07.17.b,USA
1966.07.17.a,OTH
1966.07.14,PNG
1966.07.02,OTH
1966.06.22,USA
1966.06.11,USA
1966.06.04,USA
1966.06.02,PYF
1966.05.20.c,AUS
1966.05.20.b,AUS
1966.05.20.a,AUS
1966.05.16.a,PHL
1966.04.08,USA
1966.04.00,AUS
1966.03.20,AUS
1966.03.12,OTH
1966.02.27,AUS
1966.01.29,ZAF
1966.01.25,IDN
1966.01.22,USA
1966.01.15,AUS
1966.01.11,ZAF
1966.01.10,AUS
1966.01.09,ZAF
1966.01.08,NZL
1966.01.05,USA
1965.12.28,AUS
1965.12.19,OTH
1965.12.10,AUS
1965.11.21.b,AUS
1965.11.21.a,OTH
1965.11.03.a,AUS
1965.10.21,OTH
1965.10.16.b,BHS
1965.10.16.a,BHS
1965.10.10,OTH
1965.10.00,PNG
1965.09.21,PNG
1965.09.12,PNG
1965.09.08,MEX
1965.08.26,USA
1965.07.30,BHS
1965.07.26,MEX
1965.07.02.R,OTH
1965.06.09,MEX
1965.06.00.b,PNG
1965.06.00,OTH
1965.05.29,MEX
1965.05.28,MEX
1965.05.00.c,EGY
1965.05.00.b,JAM
1965.05.00.a,MEX
1965.04.29,USA
1965.04.10,USA
1965.04.04.b,OTH
1965.04.04.a,USA
1965.03.14,USA
1965.02.14,ZAF
1965.02.04,USA
1965.01.23,ZAF
1965.01.16,ZAF
1965.01.10,AUS
1965.01.09,OTH
1965.00.00.g,USA
1965.00.00.f,USA
1965.00.00.e,USA
1965.00.00.d,OTH
1965.00.00.c,EGY
1965.00.00.b,OTH
1964.12.25,ZAF
1964.12.10.b,PNG
1964.12.10.a,AUS
1964.12.09,PNG
1964.12.06,OTH
1964.11.29,AUS
1964.11.18,AUS
1964.11.13,AUS
1964.11.05,USA
1964.10.31,ZAF
1964.10.04,AUS
1964.09.20,OTH
1964.09.07,OTH
1964.08.26,USA
1964.08.23,MEX
1964.08.21,USA
1964.08.08,USA
1964.08.03,JPN
1964.08.00,PAN
1964.07.27,USA
1964.07.16,ZAF
1964.07.10,ZAF
1964.07.08,USA
1964.07.00.b,PNG
1964.07.00.a,PNG
1964.06.29.a,OTH
1964.06.24,USA
1964.06.17,PNG
1964.06.23,OTH
1964.05.30,PAN
1964.05.08,OTH
1964.05.00,PAN
1964.04.07,PNG
1964.03.28.b,AUS
1964.03.28.a,PNG
1964.03.05,USA
1964.03.00,OTH
1964.02.17.R,OTH
1964.02.14.b,NCL
1964.02.14.a,OTH
1964.02.11,NZL
1964.02.10,NZL
1964.02.08,ZAF
1964.02.05.b,NZL
1964.02.05.a,NZL
1964.02.01,NZL
1964.02.00.b,USA
1964.02.00.a,OTH
1964.01.27,OTH
1964.01.23,ZAF
1964.01.22,ZAF
1964.01.21,ZAF
1964.01.18,AUS
1964.01.11,USA
1964.01.06.R,PNG
1964.01.04,OTH
1964.01.01.b,AUS
1964.01.01.a,ZAF
1963.12.29,ZAF
1963.12.26.b,ZAF
1963.12.26.a,AUS
1963.12.25,ZAF
1963.12.22.a,ZAF
1963.12.21,AUS
1963.12.20.b,ZAF
1963.12.20.a,ZAF
1963.12.08,AUS
1963.12.04.R,OTH
1963.11.30.b,NZL
1963.11.30.a,PNG
1963.11.28,OTH
1963.11.25,OTH
1963.11.16.R,ITA
1963.11.14,AUS
1963.11.12,USA
1963.11.05.R,PNG
1963.10.16,USA
1963.10.15,OTH
1963.09.29,OTH
1963.09.22,SLB
1963.09.13,AUS
1963.09.10,USA
1963.08.00,OTH
1963.07.28,OTH
1963.07.15,USA
1963.07.11,USA
1963.07.10.R,JAM
1963.07.00,PAN
1963.06.01.b,OTH
1963.06.01.a,PNG
1963.05.14,PHL
1963.04.22,AUS
1963.04.20,USA
1963.04.17,ZAF
1963.04.13,AUS
1963.04.12,USA
1963.03.30,SLB
1963.02.27,PNG
1963.02.24,AUS
1963.02.08,OTH
1963.02.06,OTH
1963.01.30,OTH
1963.01.28,AUS
1963.01.22,ZAF
1963.01.14,NZL
1963.01.12,ZAF
1963.01.11,ZAF
1963.01.06,ZAF
1963.01.04,AUS
1963.01.00,MOZ
1963.00.00.b,OTH
1963.00.00.a,OTH
1962.12.30,ZAF
1962.12.09,AUS
1962.12.00,ZAF
1962.11.29,AUS
1962.11.11,USA
1962.11.10,AUS
1962.11.00,OTH
1962.10.28,ZAF
1962.10.25,MEX
1962.10.15,OTH
1962.10.14,AUS
1962.10.00,PAN
1962.09.30,OTH
1962.09.22,MEX
1962.09.13,OTH
1962.09.02,ITA
1962.08.31.R,OTH
"1962,08.30.b",OTH
1962.08.30.a,PNG
1962.08.29,USA
1962.08.26,USA
1962.08.23,ZAF
1962.08.19,USA
1962.08.12,USA
1962.08.01,PNG
1962.08.00.b,ITA
1962.08.00.a,OTH
1962.07.28,USA
1962.07.20,OTH
1962.07.19,USA
1962.07.10,USA
1962.07.07,USA
1962.06.21,ZAF
1962.06.17,USA
1962.06.11.b,USA
1962.06.11.a,USA
1962.06.10.b,PNG
1962.06.10.a,USA
1962.06.07,AUS
1962.06.04,USA
1962.06.03,USA
1962.05.29,USA
1962.05.12,USA
1962.05.00.R,OTH
1962.04.20,AUS
1962.04.09,MOZ
1962.04.07,ZAF
1962.04.05,ZAF
1962.03.25.b,NZL
1962.03.25.a,AUS
1962.03.24,PNG
1962.02.23,PNG
1962.02.18,NZL
1962.02.15,AUS
1962.02.07,ZAF
1962.02.05,ZAF
1962.02.04,AUS
1962.02.02,NZL
1962.02.00,SLB
1962.01.27,NZL
1962.01.26,MOZ
1962.01.21,AUS
1962.01.16,NZL
1962.01.15,NZL
1962.01.14.c,USA
1962.01.14.b,AUS
1962.01.14.a,AUS
1962.01.11.c,AUS
1962.01.11.b,PNG
1962.01.11.a,NZL
1962.01.10,AUS
1962.01.07.b,AUS
1962.01.07.a,AUS
1962.01.06,ZAF
1962.01.02,AUS
1962.01.01,OTH
1962.00.00.c,ESP
1962.00.00.b,IDN
1962.00.00.a,AUS
1961.12.28.c,AUS
1961.12.28.b,AUS
1961.12.28.a,ZAF
1961.12.27,AUS
1961.12.19,AUS
1961.12.18.b,MOZ
1961.12.18.a,AUS
1961.12.13,AUS
1961.10.27,PHL
1961.10.00.b,OTH
1961.10.00.a,USA
1961.09.26,USA
1961.09.24.b,HRV
1961.09.24.a,OTH
1961.09.23,OTH
1961.09.07,OTH
1961.09.02.R,ITA
1961.08.20,USA
1961.08.16,USA
1961.08.04,OTH
1961.08.02,USA
1961.08.01,PNG
1961.07.29,USA
1961.07.16,OTH
1961.07.07.b,AUS
1961.07.00.b,ITA
1961.07.00.a,PAN
1961.06.24,USA
1961.06.18,USA
1961.06.06.R,USA
1961.06.02,OTH
1961.06.01,PNG
1961.05.21,USA
1961.05.17,OTH
1961.05.15,USA
1961.05.07,AUS
1961.04.25,AUS
1961.04.21,MOZ
1961.04.17,ZAF
1961.04.16.b,USA
1961.04.16.a,AUS
1961.04.14,AUS
1961.04.09,MOZ
1961.04.08,OTH
1961.04.03,AUS
1961.04.00,AUS
1961.03.30,AUS
1961.03.18,AUS
1961.03.14,AUS
1961.03.12,AUS
1961.03.09,OTH
1961.03.07,ZAF
1961.03.00,OTH
1961.02.17.b,USA
1961.02.16,JAM
1961.02.12,ZAF
1961.02.01.b,ZAF
1961.02.01.a,AUS
1961.01.25,ZAF
1961.01.22,ZAF
1961.01.15,AUS
1961.01.06.c,ZAF
1961.01.06.b,OTH
1961.01.06.a,AUS
,OTH
1961.01.03.b,ZAF
1961.01.02.R,AUS
1961.00.00.e,AUS
1961.01.01,OTH
1961.00.00.d,NCL
1961.00.00.b,OTH
1961.00.00.a,USA
1960.12.27.b,USA
1960.12.27.a.,AUS
1960.12.24,ZAF
1960.12.20,AUS
1960.12.01,AUS
1960.11.27,AUS
1960.11.11,AUS
1960.11.06,AUS
1960.11.00.d,ZAF
1960.11.00.c,OTH
1960.11.00.b,PNG
1960.10.25,USA
1960.10.24,ZAF
1960.10.00.e,PNG
1960.10.00.d,OTH
1960.10.00.b,ZAF
1960.09.24,USA
1960.09.22,OTH
1960.09.18,AUS
1960.08.30,USA
1960.08.29,OTH
1960.08.24,USA
1960.08.22.R.,PNG
1960.08.22,USA
1960.08.21,USA
1960.08.10,USA
1960.08.04.b,ENG
1960.08.04.a,USA
1960.08.00,USA
1960.07.27,PNG
1960.07.05,USA
1960.07.03,USA
1960.07.02.a,PNG
1960.06.29,USA
1960.06.27.b,NZL
1960.06.27.a,OTH
1960.06.24,USA
1960.06.05,PHL
1960.06.04,USA
1960.05.29,PAN
1960.05.24,OTH
1960.05.19,USA
1960.05.16,USA
1960.05.01,PNG
1960.04.30,ZAF
1960.04.24,USA
1960.04.22,AUS
1960.04.20.R,ZAF
1960.04.12,AUS
1960.04.10,AUS
1960.04.03.b,AUS
1960.04.03.a,AUS
1960.04.01,AUS
1960.04.00.c,OTH
1960.04.00.b,PHL
1960.04.00.a,ZAF
1960.03.31,USA
1960.03.28,OTH
1960.02.29,AUS
1960.02.27.b,NZL
1960.02.24,OTH
1960.02.19,PNG
1960.02.10.,AUS
1960.02.07,AUS
1960.01.30,PNG
1960.01.26,OTH
1960.01.21,AUS
1960.01.16,AUS
1960.01.13,AUS
1960.01.07,AUS
1960.01.01,ZAF
1960.00.00.j,OTH
1960.00.00.i,OTH
1960.00.00.g,OTH
1960.00.00.f,OTH
1960.00.00.e,OTH
1960.00.00.d,PNG
1960.00.00.c,PNG
1960.00.00.b,MOZ
1960.00.00.a,ZAF
1959.12.29,AUS
1959.12.28,AUS
1959.12.26,PNG
1959.12.19.b,AUS
1959.12.19.a,PHL
1959.12.11,AUS
1959.12.03,NZL
1959.12.00,OTH
1959.11.29,AUS
1959.11.28,AUS
1959.11.22,AUS
1959.11.15,ZAF
1959.11.12.R,AUS
1959.11.10,USA
1959.11.09,AUS
1959.11.01,PNG
1959.10.07,MOZ
1959.10.05,PNG
1959.10.04,USA
1959.10.02,OTH
1959.10.00,OTH
1959.09.30,PHL
1959.09.26.b,USA
1959.09.26.a,USA
1959.09.11,USA
1959.09.10.R,IND
1959.09.00,MEX
1959.08.31.R,OTH
1959.08.15.a,USA
1959.08.14.b,USA
1959.08.14.a,PHL
1959.08.13,USA
1959.08.12,HRV
1959.08.11,JPN
1959.08.10,USA
1959.07.30,USA
1959.07.28,USA
1959.07.25.b,JPN
1959.07.25.a,USA
1959.07.23.b,USA
1959.07.23.a,USA
1959.07.03.a & b,OTH
1959.07.02,USA
1959.07.00.b,OTH
1959.07.00.a,MEX
1959.06.26.R,OTH
1959.06.14.b,MEX
1959.06.14.a,USA
1959.05.30,ZAF
1959.05.16,USA
1959.05.07,USA
1959.05.03,USA
1959.05.00,OTH
1959.04.11,AUS
1959.04.09.b,USA
1959.04.09..a,ZAF
1959.04.05,AUS
1959.03.29,USA
1959.03.08,PHL
1959.03.00,USA
1959.02.28,AUS
1959.02.27,OTH
1959.02.06,PNG
1959.02.02,SLB
1959.02.01,ZAF
1959.01.31,AUS
1959.01.27,OTH
1959.01.25,AUS
1959.01.17.b,AUS
1959.01.17.a,AUS
1959.01.15,ZAF
1959.01.12,OTH
1959.01.02,MOZ
1959.01.00,AUS
1959.00.00.g,OTH
1959.00.00.f,IND
1959.00.00.e,OTH
1959.00.00.d,PNG
1959.00.00.c,PNG
1959.00.00.b,PNG
1959.00.00.a,PNG
1958.12.28,OTH
1958.12.27,PNG
1958.12.23,ZAF
1958.12.13,USA
1958.12.12,OTH
1958.11.23,AUS
1958.11.07.R,PNG
1958.11.05,USA
1958.10.12,USA
1958.10.05,USA
1958.10.00.b,MEX
1958.10.00.a,PNG
1958.09.13,OTH
1958.09.06,BHS
1958.09.01,USA
1958.08.31,MEX
1958.08.01,HRV
1958.07.31.R,MEX
1958.07.27.b,USA
1958.07.27.a,USA
1958.07.10,USA
1958.07.08,OTH
1958.07.04.b,OTH
1958.07.04.a,OTH
1958.07.02,USA
1958.07.01,PNG
1958.07.00.b,BHS
1958.07.00.a,USA
1958.06.26,USA
1958.06.24,USA
1958.06.17,USA
1958.04.30,USA
1958.04.19,OTH
1958.04.05,ZAF
1958.04.03,ZAF
1958.04.00,PNG
1958.02.01,USA
1958.01.27,AUS
1958.01.19,AUS
1958.01.09,ZAF
1958.00.00.j,OTH
1958.00.00.i,OTH
1958.00.00.h,PAN
1958.00.00.f,PNG
1958.00.00.e,PNG
1958.00.00.d,PNG
1958.00.00.c,PNG
1958.00.00.b,ZAF
1958.00.00.a,ZAF
1957.12.31,AUS
1957.12.30,ZAF
1957.12.26,ZAF
1957.12.23,ZAF
1957.12.20,ZAF
1957.12.18,ZAF
1957.11.08,OTH
1957.11.04.R,AUS
1957.10.24,SLB
1957.10.23,SLB
1957.09.02,OTH
1957.08.00,USA
1957.07.24,USA
1957.07.15,USA
1957.07.09,AUS
1957.05.11,AUS
1957.05.07,SLB
1957.05.00,USA
1957.04.28,USA
1957.04.23,AUS
1957.04.22,USA
1957.04.13,AUS
1957.04.07.b,PNG
1957.04.07.a,SLB
1957.02.24,OTH
1957.02.05,USA
1957.02.02,AUS
1957.02.00,USA
1957.01.05,ZAF
1957.00.00.j,USA
1957.00.00.i,CUB
1957.00.00.h,CUB
1957.00.00.g,CUB
1957.00.00.f,USA
1957.00.00.e,OTH
1957.00.00.d,IRN
1957.00.00.b,PNG
1957.00.00.c,IRN
1957.00.00.a,PNG
1956.12.26,PNG
1956.12.24,PNG
1956.12.15.R,OTH
1956.12.09,NZL
1956.10.27,ZAF
1956.10.20,PNG
1956.10.07,OTH
1956.10.00,PNG
1956.09.23,USA
1956.09.13,OTH
1956.09.00.b,OTH
1956.09.00.a,ITA
1956.08.25,PNG
1956.08.20,PNG
1956.08.15.R,USA
1956.08.15.b,AUS
1956.08.15.a,USA
1956.08.01,ZAF
1956.08.00.e,OTH
1956.08.00.d,OTH
1956.08.00.c,OTH
1956.08.00.b,PNG
1956.08.00.a,PNG
1956.07.28,USA
1956.07.26,USA
1956.07.20,OTH
1956.07.17,USA
1956.07.12,USA
1956.06.28,AUS
1956.06.22,OTH
1956.06.20,OTH
1956.05.26.R,ZAF
1956.05.07,CUB
1956.05.00,AUS
1956.03.25,ITA
1956.03.11,AUS
1956.03.04,AUS
1956.03.00.b,AUS
1956.02.26,AUS
1956.02.10.R,AUS
1956.01.16.R,AUS
1956.01.16,OTH
1956.01.05,AUS
1956.00.00.h,PNG
1956.00.00.g,OTH
1956.00.00.f,OTH
1956.00.00.e,USA
1956.00.00.d,USA
1956.00.00.c,PNG
1956.00.00.b,PNG
1956.00.00.a,PNG
1955.12.31,AUS
1955.12.11,USA
1955.11.16,PNG
1955.11.00,PNG
1955.10.16,AUS
1955.09.23.b,OTH
1955.09.23.a,OTH
1955.09.20,USA
1955.09.04,USA
1955.09.03,USA
1955.08.30.b,JPN
1955.08.30.a,USA
1955.08.26,HRV
1955.08.08,OTH
1955.08.04.R,USA
1955.08.00.c,OTH
1955.08.00.a,AUS
1955.07.25,JPN
1955.07.23,USA
1955.07.15,OTH
1955.07.07,OTH
1955.05.08,USA
1955.05.00,PNG
1955.04.13.R,PNG
1955.04.12,PNG
1955.04.00,USA
1955.03.09,AUS
1955.03.00.b,PNG
1955.03.00.a,AUS
1955.02.10,USA
1955.02.06,USA
1955.02.05,AUS
1955.02.04,IND
1955.02.01.,AUS
1955.02.00,AUS
1955.01.17,AUS
1955.01.15,ZAF
1955.00.00.f,USA
1955.00.00.d,CUB
1955.00.00.e,OTH
1955.00.00.b,OTH
1955.00.00.a,PNG
1954.12.29,OTH
1954.12.11,AUS
1954.12.09,PNG
1954.12.04,ZAF
1954.11.20,USA
1954.10.07,USA
1954.10.06,OTH
1954.10.02.b,HRV
1954.09.21,USA
1954.09.15,HKG
1954.09.04,AUS
1954.08.19,ITA
1954.08.14,USA
1954.08.12.b,CUB
1954.08.12.a,CUB
1954.08.10,USA
1954.07.30,OTH
1954.07.28,OTH
1954.07.27,ITA
1954.07.15,OTH
1954.07.10,USA
1954.07.04.R,USA
1954.07.03,OTH
1954.07.02.R,OTH
1954.06.29,USA
1954.06.27,AUS
1954.06.00,HKG
1954.05.26.R,PNG
1954.05.00,PNG
1954.04.00,OTH
1954.02.27,AUS
1954.01.30,AUS
1954.01.22.b,AUS
1954.01.22.a,OTH
1954.01.15,PNG
1954.00.00.e,IRN
1954.00.00.d,OTH
1954.00.00.c,MEX
1954.00.00.b,USA
1954.00.00.a,PNG
1954.00.00 g,IRN
1954.00.00 f,IRN
1953.12.30,ZAF
1953.12.22,ZAF
1953.12.13,AUS
1953.12.00,AUS
1953.10.00,AUS
1953.09.27,PHL
1953.09.20.R,USA
1953.09.18,USA
1953.09.03.R,USA
1953.09.02,USA
1953.07.31,MEX
1953.07.26,USA
1953.07.16,USA
1953.07.15,USA
1953.07.11,OTH
1953.07.09,OTH
1953.07.04,USA
1953.07.00,PAN
1953.06.00,AUS
1953.04.07,AUS
1953.04.04,USA
1953.04.00.b,IRN
1953.04.00.a,IRN
1953.03.22,AUS
1953.03.19.R,AUS
1953.03.00.c,OTH
1953.03.00.a,PNG
1953.02.18,USA
1953.02.15,AUS
1953.02.00,AUS
1953.01.20,AUS
1953.01.08,AUS
1953.00.00.c,AUS
1953.00.00.b,PNG
1953.00.00.a,USA
1952.12.24,AUS
1952.12.21,AUS
1952.08.04,ITA
1952.08.03,USA
1952.12.07,USA
1952.12.03,USA
1952.10.12,PNG
1952.08.05,ITA
1952.07.27.d,USA
1952.07.27.c,USA
1952.07.27.b,USA
1952.07.27.a,USA
1952.07.13,USA
1952.07.05,USA
1952.05.27,USA
1952.05.07.R,AUS
1952.05.00,IND
1952.04.06,AUS
1952.04.00,OTH
1952.03.30,OTH
1952.01.23,OTH
1952.01.07,AUS
1952.00.00.e,OTH
1952.00.00.d,PNG
1952.00.00.c,PNG
1952.00.00.b,PNG
1952.00.00.a,USA
1951.12.21,MOZ
1951.12.16,AUS
1951.12.06,AUS
1951.11.29,ZAF
1951.11.28.b,JAM
1951.11.28.a,ZAF
1951.11.23.R,PHL
1951.10.22,AUS
1951.09.29,ITA
1951.09.03.R,ITA
1951.09.02-R,AUS
1951.08.17.b,OTH
1951.08.17.a,OTH
1951.08.16.R,ITA
1951.08.00,OTH
1951.07.19.R,USA
1951.07.11,OTH
1951.06.25,USA
1951.06.00,PYF
1951.05.22,MEX
1951.05.09.R,ITA
1951.03.26,AUS
1951.03.24,AUS
1951.03.15,ZAF
1951.02.19,ZAF
1951.02.03,AUS
1951.02.01,AUS
1951.01.21,ZAF
1951.00.00,OTH
1950.12.31,AUS
1950.12.19.R,AUS
1950.12.16,AUS
1950.11.29,AUS
1950.11.25,AUS
1950.11.12,AUS
1950.10.08,USA
1950.10.04,AUS
1950.08.06,OTH
1950.08.00,OTH
1950.07.27.R,AUS
1950.07.21,JPN
1950.07.19,ITA
1950.07.14,CUB
1950.07.10,USA
1950.07.00,USA
1950.06.25,USA
1950.06.06,USA
1950.05.24,ZAF
1950.05.01,ITA
1950.04.09.b,AUS
1950.04.09.a,ZAF
1950.03.26,ZAF
1950.03.08,ZAF
1950.02.18.R,AUS
1950.02.11,ZAF
1950.01.12.R,AUS
1950.00.00.m,AUS
1950.00.00.l,OTH
1950.00.00.k,OTH
1950.00.00.j,OTH
1950.00.00.i,IDN
1950.00.00.h,USA
1950.00.00.g,USA
1950.00.00.f,PAN
1950.00.00.e,OTH
1950.00.00.d,OTH
1950.00.00.c,NCL
1950.00.00.b,NCL
1950.00.00.a,OTH
1949.12.00.a,AUS
1949.11.20,AUS
1949.08.28.b,AUS
1949.08.28.a,AUS
1949.08.17,ITA
1949.08.16,AUS
1949.08.10.R,ITA
1949.07.29,IRN
1949.07.28,IRN
1949.07.25,USA
1949.07.16,USA
1949.06.13,OTH
1949.05.16,AUS
1949.05.13,AUS
1949.04.18,AUS
1949.04.17,AUS
1949.04.13,MEX
1949.03.00,AUS
1949.01.23,AUS
1949.01.13,AUS
1949.00.00.g,ITA
1949.00.00.f,OTH
1949.00.00.e,PNG
1949.00.00.d,PNG
1949.00.00.c,PNG
1949.00.00.b,PNG
1949.00.00.a,OTH
1948.12.27,AUS
1948.12.26,AUS
1948.12.14.b,IRN
1948.12.14.a,CUB
1948.12.10,AUS
1948.12.05,OTH
1948.11.18,AUS
1948.09.22,OTH
1948.09.19.b,USA
1948.09.19.a,USA
1948.09.17.R,OTH
1948.09.15,OTH
1948.09.02,IRN
1948.08.19,IRN
1948.08.03,IRN
1948.08.00,BHS
1948.07.01,USA
1948.06.06.R,OTH
1948.05.10,IRN
1948.04.10,ZAF
1948.03.13.R,OTH
1948.03.00,PNG
1948.02.13,USA
1948.02.12,AUS
1948.01.25,AUS
1948.00.00.d,USA
1948.00.00.c,OTH
1948.00.00.b,PNG
1948.00.00.a,ZAF
1947.12.21,AUS
1947.12.00,OTH
1947.11.23,AUS
1947.11.14.b,AUS
1947.11.14.a,AUS
1947.11.08.b,AUS
1947.11.08.a,AUS
1947.11.00,AUS
1947.10.28,AUS
1947.10.10,OTH
1947.08.04,USA
1947.07.27.R,USA
1947.07.24.R,AUS
1947.07.15,ZAF
1947.06.27,USA
1947.06.16,AUS
1947.05.13.R,OTH
1947.04.20,ZAF
1947.04.11,ZAF
1947.04.06,AUS
1947.04.00,OTH
1947.03.12,ZAF
1947.03.09,ZAF
1947.02.23,AUS
1947.02.06.R,BHS
1947.02.00,OTH
1947.01.14,AUS
1947.01.05,ZAF
1946.12.28,AUS
1946.12.24.R,AUS
1946.11.20,AUS
1946.10.26.R,OTH
1946.10.14,AUS
1946.08.24,OTH
1946.08.18,AUS
1946.07.18.b,IRN
1946.07.18.a,IRN
1946.06.28,IND
1946.05.09,OTH
1946.04.19,AUS
1946.04.00,AUS
1946.03.20,AUS
1946.02.16,ZAF
1946.02.10.b,AUS
1946.02.10.a,ZAF
1946.01.24.b,ZAF
1946.01.24.a,ZAF
1946.01.17,AUS
1946.01.07,ZAF
1946.01.05,AUS
1946.01.01,ZAF
1946.00.00.c,ZAF
1946.00.00.b,ZAF
1946.00.00.a,OTH
1945.09.23,HKG
1945.09.19,OTH
1945.09.16,JPN
1945.09.06,IRN
1945.08.19,OTH
1945.08.06,USA
1945.07.30,PHL
1945.07.00,OTH
1945.06.15,AUS
1945.05.08,USA
1945.03.06,ZAF
1945.02.05,OTH
1945.00.00.d,JAM
1945.00.00.c,CUB
1945.00.00.b,PAN
1945.00.00.a,OTH
1944.12.18,PHL
1944.12.02,USA
1944.11.08,OTH
1944.11.01,AUS
1944.10.26.b,PHL
1944.10.26.a,PHL
1944.10.25.b,PHL
1944.10.25.a,PHL
1944.10.24,OTH
1944.10.23.R,AUS
1944.09.03,USA
1944.09.00,OTH
1944.08.20,ZAF
1944.07.22,ZAF
1944.05.31,USA
1944.05.24.R,OTH
1944.05.04,PAN
1944.04.00,OTH
1944.03.26.b,ZAF
1944.03.26.a,ZAF
1944.03.14,ZAF
1944.02.27,ZAF
1944.02.18,IND
1944.01.20,ZAF
1944.01.16,AUS
1944.01.14,AUS
1944.01.04,ZAF
1944.00.00.c,OTH
1944.00.00.b,ITA
1944.00.00.a,OTH
1943.12.12,ZAF
1943.12.04,USA
1943.11.21,ZAF
1943.11.11,OTH
1943.09.23,PAN
1943.08.00,ITA
1943.07.18,USA
1943.07.00.b,OTH
1943.06.16,AUS
1943.05.17.b,OTH
1943.05.17.a,OTH
1943.05.14,AUS
1943.05.01.R,OTH
1943.03.21,ZAF
1943.03.14,OTH
1943.03.02.b,OTH
1943.03.02.a,PNG
1943.01.26,OTH
1943.00.00.f,MEX
1943.00.00.e,SLB
1943.00.00.d,OTH
1943.00.00.c,USA
1943.00.00.b,USA
1943.00.00.a,USA
1942.12.26,AUS
1942.11.28,ZAF
1942.11.25,ZAF
1942.11.16,SLB
1942.11.21,OTH
1942.11.13.c,SLB
1942.11.13.b,OTH
1942.11.13.a,SLB
1942.11.01,ZAF
1942.11.00.b,OTH
1942.11.00.a,OTH
1942.10.12,SLB
1942.09.30,OTH
1942.09.12.b,OTH
1942.09.12.a,AUS
1942.09.11,OTH
1942.08.08,SLB
1942.07.12,OTH
1942.07.06,ITA
1942.06.11.R,OTH
1942.06.04,USA
1942.06.00,OTH
1942.05.09,AUS
1942.03.08,CUB
1942.01.18,AUS
1942.01.04,AUS
1942.01.00,AUS
1942.00.00.k,IDN
1942.00.00.j,AUS
1942.00.00.i,PHL
1942.00.00.h,ZAF
1942.00.00.g,ZAF
1942.00.00.f,BHS
1942.00.00.e,OTH
1942.00.00.d,OTH
1942.00.00.c,OTH
1942.00.00.b,OTH
1942.00.00.a,PAN
1941.12.07,OTH
1941.12.03,AUS
1941.11.27.b,OTH
1941.11.27.a,OTH
1941.11.24,OTH
1941.11.19,AUS
1941.09.25,OTH
1941.08.21.R,USA
1941.08.01,USA
1941.07.22,USA
1941.07.01,USA
1941.06.15,USA
1941.06.00,OTH
1941.03.24,OTH
1941.03.09,USA
1941.02.13.,AUS
1941.02.01,JAM
1941.01.29,OTH
1941.01.00,OTH
1941.00.00.h,SLB
1941.00.00.f,IRN
1941.00.00.e,IRN
1941.00.00.d,IRN
1941.00.00.c,IRN
1941.00.00.b,IRN
1941.00.00.a,PNG
1940.12.28,AUS
1940.12.20,ZAF
1940.12.19.R,AUS
1940.12.10,AUS
1940.09.00,PAN
1940.07.13.b,USA
1940.07.13.a,USA
1940.06.30,USA
1940.03.31,ZAF
1940.03.20,AUS
1940.02.22,ZAF
1940.02.20,AUS
1940.02.04,AUS
1940.01.29,AUS
1940.01.23,AUS
1940.01.15,AUS
1940.01.07,ZAF
1940.01.01,AUS
1940.00.00.f,OTH
1940.00.00.e,OTH
1940.00.00.d,PNG
1939.12.14,AUS
1939.11.23,AUS
1939.11.11,AUS
1939.11.09,AUS
1939.11.06,AUS
1939.11.02.R,OTH
1939.10.25.R,AUS
1939.10.04,USA
1939.09.27.R,AUS
1939.08.01,USA
1939.07.18,OTH
1939.07.16,BHS
1939.07.14,USA
1939.05.03,USA
1939.04.12.R,PNG
1939.03.24,PNG
1939.02.26.b,IND
1939.02.26.a,NZL
1939.01.12,AUS
1939.00.00.e,OTH
1939.00.00.d,BHS
1939.00.00.c,OTH
1939.00.00.b,OTH
1939.00.00.a,PNG
1938.12.27,AUS
1938.10.05,AUS
1938.08.29,OTH
1938.08.18,USA
1938.07.18,USA
1938.07.17.R,OTH
1938.07.17,USA
1938.07.12,AUS
1938.06.17,OTH
1938.06.08,AUS
1938.05.26,OTH
1938.05.15,OTH
1938.05.02.R,IND
1938.03.21.R,OTH
1938.03.08,AUS
1938.01.21,AUS
1938.01.18,ZAF
1938.01.02,AUS
1938.00.00.e.R,EGY
1938.00.00.d,OTH
1938.00.00.c,USA
1938.00.00.b,AUS
1938.00.00.a,ZAF
1937.11.13,USA
1937.11.11,AUS
1937.11.06.R,SLB
1937.10.27.b,AUS
1937.10.27.a,AUS
1937.10.24.c,AUS
1937.10.24.a,AUS
1937.09.26.R,HRV
1937.09.12,OTH
1937.09.11,OTH
1937.09.01,OTH
1937.08.31,AUS
1937.08.02,PAN
1937.07.16.R,AUS
1937.06.28.R,OTH
1937.06.15.b,AUS
1937.06.15,USA
1937.05.30,USA
1937.05.15,AUS
1937.02.13,AUS
1937.02.11,AUS
1937.02.04,AUS
1937.02.03,AUS
1937.01.27,AUS
1937.00.00,AUS
1936.12.30,USA
1936.12.19,AUS
1936.12.15,AUS
1936.12.12,AUS
1936.12.01,AUS
1936.11.27,AUS
1936.09.11.R,OTH
1936.09.04,USA
1936.08.24,AUS
1936.08.13,OTH
1936.08.11,OTH
1936.08.04,AUS
1936.08.00,USA
1936.07.25,USA
1936.07.12,USA
1936.07.07,AUS
1936.07.00,ZAF
1936.06.26,AUS
1936.06.06,USA
1936.04.22,AUS
1936.04.08,AUS
1936.03.30,USA
1936.03.22,AUS
1936.03.19,AUS
1936.03.04.,AUS
1936.02.23,AUS
1936.02.20..R,AUS
1936.02.04,AUS
1936.01.22,AUS
1936.01.00,AUS
1936.00.00,AUS
1935.12.23,AUS
1935.11.13,AUS
1935.09.21,USA
1935.09.04.R,PNG
1935.08.26,AUS
1935.08.13,AUS
1935.07.05,PAN
1935.07.01,HRV
1935.06.18,USA
1935.06.05.R,SLB
1935.06.00.b,AUS
1935.06.00.a,PNG
1935.05.19,ZAF
1935.05.12,AUS
1935.04.12.R,OTH
1935.04.08.R,USA
1935.03.30,AUS
1935.03.25.R,ZAF
1935.03.20,AUS
1935.03.13,AUS
1935.03.11,AUS
1935.03.09,AUS
1935.03.02,AUS
1935.02.14,AUS
1935.01.24.b,AUS
1935.01.24.a,AUS
1934.12.31.b,AUS
1934.12.31.a,AUS
1934.12.23.b,AUS
1934.12.23.a,AUS
1934.10.09,AUS
1934.10.08,OTH
1934.10.02,AUS
1934.09.08,OTH
1934.08.27,ITA
1934.08.26,AUS
1934.08.21,HRV
1934.08.05,USA
1934.07.11,AUS
1934.06.21,AUS
1934.06.20,USA
1934.04.15,AUS
1934.04.01.c,ZAF
1934.04.01.b,ZAF
1934.04.01.a,AUS
1934.03.12,AUS
1934.03.00,AUS
1934.02.24,AUS
1934.02.22,OTH
1934.01.08.R,OTH
1934.01.27,AUS
1934.01.07,AUS
1933.11.20,AUS
1933.11.18,AUS
1933.10.25.R,AUS
1933.09.27.R,OTH
1933.08.28.b,USA
1933.08.28.a,USA
1933.08.26.R,USA
1933.07.07.R,USA
1933.07.03,AUS
1933.06.21,USA
1933.06.16,USA
1933.05.24,OTH
1933.05.23,AUS
1933.06.08.R,AUS
1933.05.03,CUB
1933.04.10,USA
1933.02.26,AUS
1933.02.15.R,AUS
1933.02.14,AUS
1933.02.12,AUS
1933.01.04,AUS
1932.12.11.R,AUS
1932.12.09.R,NZL
1932.11.09,CUB
1932.10.31,AUS
1932.10.11,OTH
1932.09.26.R,OTH
1932.08.30.b,AUS
1932.08.30.a,AUS
1932.08.10,USA
1932.08.09,AUS
1932.08.06,BHS
1932.07.02,OTH
1932.06.28,USA
1932.06.26,USA
1932.06.20,OTH
1932.05.12,AUS
1932.05.00,AUS
1932.04.16.b,PHL
1932.04.16.a,PHL
1932.02.16,USA
1932.02.13,AUS
1932.02.08,PHL
1932.01.27,AUS
1932.01.11,AUS
1932.01.06,MEX
1932.00.00,ZAF
1931.11.26,AUS
1931.09.27,JAM
1931.09.21.b,USA
1931.09.21.a,USA
1931.08.31,CUB
1931.08.27,USA
1931.08.25,CUB
1931.08.23,CUB
1931.08.18,USA
1931.08.06.R,USA
1931.08.01,AUS
1931.07.28.R,OTH
1931.07.15,USA
1931.06.14,USA
1931.06.13,USA
1931.06.04.R,USA
1931.05.02,AUS
1931.04.27.R,OTH
1931.03.22,AUS
1931.03.15,OTH
1931.03.06,AUS
1931.01.24,AUS
1931.01.14,AUS
1931.01.07,AUS
1931.00.00.b,OTH
1931.00.00.a,PNG
1930.12.25,AUS
1930.12.13,AUS
1930.12.02,AUS
1930.12.00,AUS
1930.11.30,AUS
1930.09.26.R,OTH
1930.09.12.R,OTH
1930.08.31,AUS
1930.08.16,ESP
1930.08.06,USA
1930.07.19,CUB
1930.07.11,USA
1930.06.04,AUS
1930.05.27,USA
1930.05.11.R,OTH
1930.03.07.R,USA
1930.02.20,AUS
1930.02.15,AUS
1930.02.03.R,AUS
1930.01.22,MEX
1930.01.16,ZAF
1930.01.00,OTH
1930.00.00.c,OTH
1930.00.00.a,ZAF
1929.12.26,AUS
1929.12.21,AUS
1929.12.16,AUS
1929.12.13,AUS
1929.12.09.R,OTH
1929.12.03.R,AUS
1929.11.29,OTH
1929.11.21,CUB
1929.10.20,AUS
1929.10.02,ESP
1929.09.01,AUS
1929.08.05,USA
1929.07.29,MEX
1929.06.23,USA
1929.05.31,AUS
1929.04.26.R,AUS
1929.04.17.R,AUS
1929.04.11,AUS
1929.04.09,AUS
1929.04.04,AUS
1929.03.16,USA
1929.03.12,AUS
1929.03.04.b,AUS
1929.03.04.a,AUS
1929.02.18,AUS
1929.02.09,AUS
1929.02.08,AUS
1929.01.27,AUS
1929.01.14,NZL
1929.01.12,AUS
1929.01.06.R,OTH
1929.01.05,OTH
1929.00.00.d,AUS
1929.00.00.c,USA
1929.00.00.b,AUS
1929.00.00.a,USA
1928.12.21,AUS
1928.11.18,USA
1928.11.15.R,IND
1928.11.12,USA
1928.11.04,PAN
1928.09.00,USA
1928.08.24.R,USA
1928.07.11,AUS
1928.07.00,ITA
1928.06.24.R,USA
1928.04.14.R,AUS
1928.04.14,AUS
1928.04.09,JAM
1928.04.06,AUS
1928.04.04,AUS
1928.03.28.R,AUS
1928.02.20,AUS
1928.02.00.b,OTH
1928.02.00.a,OTH
1928.01.27,AUS
1928.01.02,ZAF
1928.01.00,ZAF
1928.00.00,ZAF
1927.12.28,ZAF
1927.11.03,AUS
1927.10.25,OTH
1927.10.12,AUS
1927.10.00,OTH
1927.07.03,AUS
1927.05.29,PHL
1927.05.09.R,AUS
1927.04.10,AUS
1927.04.08,AUS
1927.03.01,AUS
1927.02.14,OTH
1927.02.09,AUS
1927.02.00,NZL
1927.01.20,ZAF
1927.01.08.R,USA
1927.01.03,AUS
1927.00.00.b,AUS
1927.00.00.a,AUS
1926.12.02.R,AUS
1926.11.17,AUS
1926.10.29.R,PNG
1926.10.23.b,AUS
1926.10.23.a,OTH
1926.09.06.R,PNG
1926.08.24,USA
1926.07.23,ITA
1926.07.12,USA
1926.07.08,USA
1926.07.03,ESP
1926.05.18,USA
1926.04.22,OTH
1926.04.07,USA
1926.03.17,AUS
1926.01.26,ZAF
1926.01.00,AUS
1926.00.00.d,OTH
1926.00.00.c,NZL
1926.00.00.b,OTH
1926.00.00.a,ZAF
1925.11.22,AUS
1925.11.00.b,USA
1925.11.00.a,USA
1925.09.04,ESP
1925.09.03,ENG
1925.08.02,USA
1925.05.00,USA
1925.03.27,AUS
1925.03.12,AUS
1925.03.10,PNG
1925.01.27.R,USA
1925.01.08,OTH
1925.00.00,OTH
1924.11.25,MEX
1924.11.24,PAN
1924.11.21,USA
1924.10.31.R,PYF
1924.10.18,AUS
1924.07.31,USA
1924.07.14,ENG
1924.07.04,USA
1924.06.18,USA
1924.04.25,AUS
1924.04.22,PAN
1924.03.28.R,SLB
1924.03.24,ESP
1924.02.13,AUS
1924.01.29,ZAF
1924.01.25,ZAF
1924.01.19,AUS
1923.12.12,AUS
1923.12.02,AUS
1923.11.23,AUS
1923.10.17,AUS
1923.10.16,AUS
1923.08.08,OTH
1923.07.02.R,AUS
1923.06.16,AUS
1923.06.06,MEX
1923.05.23.R,AUS
1923.05.22,AUS
1923.03.18,AUS
1923.02.00,USA
1923.01.27.a,AUS
1923.01.13,CUB
1923.00.00.c,USA
1923.00.00.b,PHL
1923.00.00.a,USA
1922.12.14,USA
1922.12.05,AUS
1922.09.29,OTH
1922.09.28,USA
1922.09.26.R,ENG
1922.09.21.R,USA
1922.07.19,USA
1922.06.17,USA
1922.05.24,JAM
1922.05.06,ZAF
1922.04.26,AUS
1922.03.20,JAM
1922.03.13,JAM
1922.03.02,AUS
1922.02.04,AUS
1922.01.28.R,OTH
1922.01.15,AUS
1922.01.13,AUS
1922.01.04,AUS
1921.12.11,AUS
1921.11.27.b,AUS
1921.11.27.a,AUS
1921.11.15.R,OTH
1921.10.12,AUS
1921.10.04,AUS
1921.09.00,ENG
1921.08.29.R,AUS
1921.08.28,PHL
1921.07.21,CUB
1920.11.29,AUS
1921.08.22,OTH
1920.11.22,AUS
1920.11.04,PHL
1920.07.05.R,AUS
1920.06.29,USA
1920.06.27,OTH
1920.03.08,AUS
1920.01.24.R.b,AUS
1920.02.03,ZAF
1920.01.24.R.a,AUS
1920.01.15,AUS
1920.00.00.b,JAM
1920.00.00.a,ZAF
1919.12.30.R,AUS
1919.12.07,AUS
1919.11.18,AUS
1919.09.12,OTH
1919.08.10,USA
1919.05.29,USA
1919.04.06,USA
1919.01.17,AUS
1919.01.15,NZL
1919.01.09,AUS
1919.01.05,AUS
1900.00.00.R,ITA
1919.00.00,USA
1918.11.00.b,USA
1918.11.00.a,OTH
1918.09.19,AUS
1918.03.22,AUS
1918.00.00,AUS
1917.12.15,AUS
1917.11.00,MOZ
1917.09.21,USA
1917.09.09,USA
1917.09.00,PAN
1917.07.18,USA
1917.07.15,OTH
1917.06.03,USA
1917.05.31,PHL
1917.05.05,OTH
1917.00.00,OTH
1916.12.30,AUS
1916.12.08.b,AUS
1916.12.08.a,AUS
1916.11.15,PAN
1916.11.10,AUS
1916.11.09,AUS
1916.10.11,USA
1916.08.24,USA
1916.07.26,USA
1916.07.13.b,USA
1916.07.13,USA
1916.07.12.c,USA
1916.07.12.b,USA
1916.07.12.a,USA
1916.07.11,BHS
1916.07.08,ESP
1916.07.07,PHL
1916.07.06,USA
1916.07.01,USA
1916.06.30,USA
1916.06.24.R,OTH
1916.06.23,USA
1916.04.25.R,AUS
1916.04.03,AUS
1916.03.19,AUS
1915.12.09.R,AUS
1915.11.10,AUS
1915.11.08,AUS
1915.08.03,USA
1915.07.06.a.R,MEX
1915.03.29,AUS
1915.02.06,AUS
1915.01.01,AUS
1915.00.00,USA
1914.12.04.R,AUS
1914.10.17,OTH
1914.09.26.R,JAM
1914.09.05,USA
1914.07.15.R,HRV
1914.07.08.R,USA
1914.07.07,HRV
1914.06.12,OTH
1914.06.10,AUS
1914.05.31,NCL
1914.05.14,USA
1914.03.10.R,OTH
1914.03.03,USA
1914.02.09.R,AUS
1914.02.03,AUS
1914.01.17.R,AUS
1914.00.00,ZAF
1913.12.30.R,USA
1913.12.26.R,CUB
1913.11.27,OTH
1913.11.21,AUS
1913.09.21,USA
1913.09.03,HRV
1913.07.12,USA
1913.07.10.R,OTH
1913.05.21,USA
1913.05.02,AUS
1913.03.27,OTH
1913.01.00,AUS
1913.00.00.d,REU
1913.00.00.c,REU
1913.00.00.a,AUS
1912.11.30.R,PHL
1912.08.30,USA
1912.07.23,USA
1912.07.06.R,SLB
1912.03.18,NZL
1912.02.22,AUS
1912.02.19,AUS
1912.02.03,NCL
1912.01.26,AUS
1912.01.13.R,OTH
1912.01.06,AUS
1912.01.01,AUS
1912.00.00,ESP
1911.10.26,USA
1911.10.25,AUS
1911.09.23,USA
1911.09.20,USA
1911.09.17,USA
1911.07.31.R,ESP
1911.07.16.R,USA
1911.05.09,ZAF
1911.05.01.R,USA
1911.05.01,ZAF
1911.04.08.R,NZL
1911.03.29.R,AUS
1911.01.04,AUS
1911.00.00.b,USA
1911.00.00.a,NZL
1910.12.23.R,AUS
1910.11.28,OTH
1910.11.24,AUS
1910.06.25.R,MEX
1910.06.08.R,MOZ
1910.03.31,PAN
1910.03.08,NZL
1910.02.16,AUS
1910.01.26,AUS
1910.00.00.a,PHL
1909.12.26.R,USA
1909.12.15.R,AUS
1909.12.05,AUS
1909.11.14,IDN
1909.09.04.R,USA
1909.08.13,USA
1909.07.24,USA
1909.07.15,USA
1909.06.26.a.R,MEX
1909.06.26.b.R,ZAF
1909.06.18,AUS
1909.04.27.R,ESP
1909.04.09.R,OTH
1909.03.06,ZAF
1909.00.00,AUS
1908.12.31,ZAF
1908.12.16.R,MEX
1908.09.21,AUS
1908.09.05,USA
1908.08.28.R,ESP
1908.07.08.R,HRV
1908.06.18,EGY
1908.06.08,USA
1908.06.02.R,PNG
1908.05.13,IDN
1908.01.08,USA
1907.12.21,AUS
1907.10.18.R,AUS
1907.10.16.R,OTH
1907.10.14,AUS
1907.10.08,USA
1907.09.11,HRV
1907.08.12.b..R,HRV
1907.08.12.a..R,HRV
1907.08.08.R,USA
1907.07.14.R,HRV
1907.07.00,USA
1907.04.20,MEX
1907.03.26,USA
1907.03.07,OTH
1907.02.09,PHL
1907.02.05,NZL
1907.02.03,AUS
1907.00.00.b,OTH
1907.00.00.a,USA
1906.11.16,JAM
1906.10.10.d.R,USA
1906.10.10.c.R,USA
1906.10.10.b.R,USA
1906.10.10.a.R,USA
1906.09.27.R.b,IDN
1906.09.27.R.a,IDN
1906.09.05.R,AUS
1906.09.00,USA
1906.08.20,OTH
1906.08.04,USA
1906.07.05.R,USA
1906.04.27.R,IDN
1906.04.16,AUS
1906.04.14,AUS
1906.04.10.R.a & b,IDN
1906.01.28,AUS
1906.01.20,ZAF
1905.12.31,ZAF
1905.09.29,AUS
1905.08.24,EGY
1905.08.00.b,USA
1905.08.00.a,PHL
1905.07.29,USA
1905.07.02,IDN
1905.07.00,USA
1905.05.22,USA
1905.04.06,ZAF
1905.03.26,AUS
1905.00.00.b,USA
1904.11.02,PHL
1904.10.11.R,OTH
1904.09.00,CUB
1904.08.00,CUB
1904.07.28,USA
1904.07.27,USA
1904.07.01.R,ITA
1904.02.07,AUS
1904.02.04,NZL
1904.01.23,NCL
1904.00.00.R,OTH
1904.00.00.b,PHL
1904.00.00.a,USA
1903.10.04,CUB
1903.09.16.R,USA
1903.07.00,OTH
1903.06.21,AUS
1903.05.04,MEX
1903.03.20.R,AUS
1903.03.12,AUS
1903.01.10,AUS
1903.00.00.b,OTH
1903.00.00.a,USA
1902.12.22.R,OTH
1902.11.10,AUS
1902.11.01.R,USA
1902.08.28.R,ITA
1902.08.24.R,HRV
1902.08.08,USA
1902.07.15,ITA
1902.07.06,USA
1902.06.02,PHL
1902.06.00,EGY
1902.02.22.R,NZL
1902.01.25.R,AUS
1902.01.19,AUS
1901.12.01,AUS
1901.10.00,PHL
1901.09.23.R,OTH
1901.07.30,ZAF
1901.06.24,PHL
1901.01.30,AUS
1901.00.00,USA
1900.12.27,AUS
1900.11.14,ZAF
1900.09.15,AUS
1900.09.13,USA
1900.09.05,USA
1900.08.21,USA
1900.07.31,HRV
1900.07.00,USA
1900.01.28,AUS
1900.00.00.b,USA
1900.00.00.a,ZAF
1899.12.18,AUS
1899.11.20,PHL
1899.10.28,AUS
1899.10.12.b,OTH
1899.10.12.a,OTH
1899.09.11.R,MEX
1899.08.23.R,USA
1899.08.15,USA
1899.08.08.c,EGY
1899.08.08.b,EGY
1899.08.08.a,EGY
1899.07.08.R,BHS
1899.06.07,ITA
1899.05.04.R,ITA
1899.00.00.c,ZAF
1899.00.00.b,USA
1899.00.00.a,USA
1898.12.28.R,AUS
1898.10.28,USA
1898.09.19.b.R,OTH
1898.09.19.a.R,OTH
1898.09.07.R,OTH
1898.08.22,USA
1898.08.14.R,USA
1898.07.15,OTH
1898.07.14,OTH
1898.07.00,CUB
1898.06.22,NCL
1898.04.13,OTH
1898.01.24,OTH
1898.00.00.f,USA
1898.00.00.e,CUB
1898.00.00.d,JAM
1898.00.00.c,CUB
1898.00.00.b,USA
1898.00.00.a,OTH
1898.00.00 g,USA
1897.12.04.R,USA
1897.10.05.R,OTH
1897.09.17,USA
1897.09.06,USA
1897.07.21,ZAF
1897.06.09,OTH
1897.03.15.b.R,OTH
1897.03.15.a.R,USA
1897.00.00.b,NZL
1897.00.00.a,EGY
1896.12.23,AUS
1896.12.20,NZL
1896.12.17.R,NZL
1896.11.29,AUS
1896.11.01,AUS
1896.09.11.R,OTH
1896.07.25,USA
1896.06.21.R,USA
1896.01.11,AUS
1896.00.00.b,USA
1896.00.00.a,OTH
1895.12.09,AUS
1895.11.21.R,OTH
1895.11.16,AUS
1895.09.14.R,OTH
1895.09.00,USA
1895.08.11,USA
1895.08.02,USA
1895.07.16.R,JPN
1895.06.13.R,OTH
1895.06.03.R,AUS
1895.05.21,BHS
1895.05.03,NZL
1895.04.29,ZAF
1895.04.23,NZL
1895.03.29.R,IDN
1895.03.15,AUS
1895.02.27,AUS
1895.02.23.R,PAN
1895.00.00.b,AUS
1894.12.11,USA
1894.11.28,AUS
1894.10.06.R,USA
1894.09.12.R,USA
1894.09.06.R,OTH
1894.09.01.R,USA
1894.08.21,USA
1894.08.01,USA
1894.07.15.R,OTH
1894.06.29,USA
1894.06.25,ZAF
1894.06.15.b.R,USA
1894.06.15.a.R,MEX
1894.04.28.b.R,OTH
1894.04.28.a.R,OTH
1893.10.20.R,IND
1893.07.03,PHL
1893.06.22.R,OTH
1893.06.22,OTH
1893.05.23.R,OTH
1893.05.17,CUB
1893.04.15,OTH
1893.04.14,AUS
1893.01.30.R,NZL
1893.01.18.R,PYF
1893.00.00,EGY
1892.12.15,OTH
1892.11.09.R,AUS
1892.11.06,AUS
1892.09.16.R,USA
1892.06.20.R,CUB
1892.05.19.R,NZL
1892.04.21.R,BHS
1892.03.25.R,OTH
1892.03.02,AUS
1892.00.00,AUS
1891.12.31.R,AUS
1891.12.22.R,NZL
1891.11.29,OTH
1891.09.14.R,OTH
1891.08.30.R,OTH
1891.08.29,USA
1891.03.10,OTH
1891.01.08.R,JAM
1890.12.27.R,OTH
1890.10.25.R,OTH
1890.08.17.R,USA
1890.08.09,USA
1890.08.08,OTH
1890.06.26,HRV
1890.06.14.R,OTH
1890.06.02.R,EGY
1890.03.03.R,OTH
1890.02.25,OTH
1890.00.00.e,AUS
1890.00.00.d,IND
1890.00.00.c,IND
1890.00.00.b,NZL
1890.00.00.a,ZAF
1889.11.22,AUS
1889.10.03.R,IND
1889.07.21,USA
1889.07.19,USA
1889.07.08,AUS
1889.01.31.R,USA
1889.01.00,OTH
1888.12.25.R,OTH
1888.12.09,AUS
1888.12.00,AUS
1888.10.23.R,HRV
1888.08.14,OTH
1888.08.01.R,USA
1888.07.13.R,IND
1888.06.24,AUS
1888.02.17,NZL
1888.02.00,ZAF
1888.00.00,OTH
1888.01.22,AUS
1887.12.22.R,OTH
1887.12.04,AUS
1887.10.18,USA
1887.10.00,BHS
1887.09.22,ITA
1887.07.30,OTH
1887.03.12,AUS
1887.02.08.R,NZL
1887.02.08,ZAF
1887.01.20,OTH
1887.01.12,ZAF
1887.00.00,OTH
1886.08.00.c,USA
1886.08.00.b,USA
1886.08.00.a,USA
1886.07.10,USA
1886.06.17,AUS
1886.05.06,NCL
1886.04.26,AUS
1886.02.13.R,AUS
1886.01.28,ZAF
1886.01.26,AUS
1886.01.01,ZAF
1886.00.00,AUS
1885.11.26.R,AUS
1885.11.26,AUS
1885.08.17,OTH
1885.07.26.c,USA
1885.07.26.b,USA
1885.07.26.a,USA
1885.04.16.R,OTH
1885.04.09,NZL
1885.03.28,ZAF
1884.12.13,AUS
1884.12.08.R,OTH
1884.08.28.R.,USA
1884.04.38.R,OTH
1884.01.16,ZAF
1884.01.14,AUS
1883.12.19,AUS
1883.12.18.R,USA
1883.10.20.R,OTH
1883.10.19.R,USA
1883.09.14.R,AUS
1883.07.05,OTH
1883.02.26.R,AUS
1883.02.25.R,AUS
1883.01.21,AUS
1883.00.00.d,OTH
1883.00.00.c,USA
1883.00.00.a,USA
1882.12.03,NZL
1882.11.12.b,NZL
1882.11.12.a,NZL
1882.09.00,JPN
1882.05.14,AUS
1882.05.12.R,AUS
1882.04.15,AUS
1882.02.07.R,AUS
1882.01.23.R,AUS
1882.01.05.R,OTH
1882.00.00.b,USA
1882.00.00.a,AUS
1881.09.05,USA
1881.08.16.R,OTH
1881.08.12,USA
1881.06.25,OTH
1881.06.13,USA
1881.00.00.b,IND
1881.00.00.a,ITA
1880.11.25,AUS
1880.10.10,AUS
1880.08.08,MOZ
1880.07.25,USA
1880.05.15,IND
1880.05.14,IND
1880.05.02.b,IND
1880.05.02.a,IND
1880.01.22,AUS
1880.01.03,AUS
1880.00.00.c,SLB
1880.00.00.a,NZL
1879.12.24,IND
1879.11.10,AUS
1879.09.22,ESP
1879.08.30.R,OTH
1879.07.03,USA
1879.03.19,NZL
1879.00.00,USA
1878.11.17,AUS
1878.10.24.R,IDN
1878.10.13,OTH
1878.09.14.R,USA
1878.09.02.b,OTH
1878.09.02.a,OTH
1878.08.09,USA
1878.08.08,USA
1878.06.10,PHL
1878.03.30.R,OTH
1878.02.13,ZAF
1878.02.02,OTH
1878.00.00,AUS
1877.12.15.R,OTH
1877.12.15,AUS
1877.12.12,AUS
1877.09.15,AUS
1877.04.07,AUS
1877.04.04.,AUS
1877.03.16,ITA
1877.03.11,OTH
1877.02.17.R,AUS
1877.01.28,AUS
1877.01.24.R,AUS
1877.00.00,IND
1876.10.13.R,USA
1876.09.07.R,OTH
1876.06.04.R,USA
1876.05.14,AUS
1876.02.06,AUS
1876.00.00.d,OTH
1876.00.00.c,ENG
1876.00.00.b,AUS
1876.00.00.a,AUS
1875.11.27.R,AUS
1875.03.03,NZL
1874.11.21,AUS
1875.00.00,AUS
1874.11.14.R,HRV
1874.07.23,OTH
1874.07.15.R,USA
1874.07.15,USA
1876.06.18.R,MEX
1874.06.15.b.R,OTH
1874.06.15.a.R,OTH
1874.06.00,OTH
1874.04.20.R,OTH
1874.02.15,OTH
1874.01.09,AUS
1873.07.28,USA
1873.01.09.R,AUS
1873.00.00,CUB
1872.11.30.R,OTH
1872.11.24,OTH
1872.10.22,BHS
1872.04.03.R,USA
1872.02.26,AUS
1872.00.00,OTH
1871.08.29.R,USA
1871.08.00,USA
1871.05.22.R,OTH
1871.05.13.R,OTH
1871.03.24,IND
1871.00.00.c,AUS
1871.00.00.b,AUS
1871.00.00.a,AUS
1870.07.27,USA
1870.06.19,IND
1870.06.01,IND
1870.05.26.R,AUS
1870.05.18,IND
1870.05.11,IND
1870.01.09,AUS
1870.00.00,AUS
1869.04.15.R,AUS
1868.09.01,ITA
1868.05.13,IND
1868.01.17,OTH
1868.01.04.R,AUS
1868.00.00.b,AUS
1868.00.00.a,NZL
1867.08.22.R,EGY
1867.08.00,MEX
1867.06.26,CUB
1867.01.26.R,AUS
1867.00.00,CUB
1866.07.09.R,USA
1865.09.02,USA
1865.07.14.R,USA
1865.03.01.R,ZAF
1865.00.00,AUS
1864.10.02,USA
1864.09.18.R,OTH
1864.09.00,OTH
1864.08.12,USA
1864.08.00,OTH
1864.07.25,ESP
1864.05,OTH
1864.04.09,OTH
1864.04.00,OTH
1864.01.27.R,PAN
1864.01.16.R,NZL
1864.01.02,NZL
1864.00.00.R,IDN
1863.12.14,OTH
1863.09.13.R,USA
1863.07.09,USA
1863.04.00,AUS
1863.03.05,AUS
1863.01.10,AUS
1863.00.00.R4,OTH
1863.00.00.R3,OTH
1863.00.00.R2,OTH
1863.00.00.R,OTH
1862.12.22,NZL
1862.12.19.R,AUS
1862.08.15.R,ESP
1862.07.25,ESP
1862.07.14,ESP
1862.07.13,ESP
1862.06.03,ZAF
1862.05.05,ZAF
1862.00.00.b,USA
1862.00.00.a,JPN
1861.11.10,OTH
1861.09.25.R,CUB
1861.03.00,NZL
1861.02.12.R,OTH
1861.01.15.R,AUS
1860.12.26,AUS
1860.10.00,OTH
1860.08.01,USA
1860.04.00.b,NZL
1860.04.00.a,NZL
1860.03.27,OTH
1860.03.11,BHS
1859.03.16,USA
1858.08.23,USA
1858.04.04,OTH
1858.03.14,AUS
1858.01.14.R,USA
1858.01.09.R,OTH
1857.05.05,USA
1856.11.25.R,OTH
1856.11.20.R,OTH
1856.06.21.R,ENG
1856.02.06,AUS
1855.11.11,AUS
1855.09.30,USA
1855.07.28,OTH
1855.04.09.R,AUS
1855.03.28,AUS
1855.02.12.R,SLB
1853.11.08,AUS
1853.09.28,USA
1853.07.13.R,USA
"1853,94.29",OTH
1853.00.00.d,AUS
1853.00.00.c,USA
1853.00.00.a,USA
1852.10.23.R,OTH
1852.10.09.R,AUS
1852.08.07,OTH
1852.08.00,USA
1852.05.24,ZAF
1852.02.26,ZAF
1852.01.22,NZL
1852.00.00,USA
1851.06.16.R,MEX
1851.03.08.R,USA
1851.00.00,USA
1850.10.21,USA
1850.00.00,OTH
1849.12.09,AUS
1849.12.01,AUS
1849.10.04,OTH
1849.09.19,AUS
1849.06.08.b,USA
1849.06.08.a,USA
1848.08.31,USA
1848.07.00,ENG
1847.11.30,AUS
1847.09.10,USA
1847.07.19,OTH
1847.07.03.R,USA
1847.03.11,AUS
1847.02.12,MEX
1847.00.00.c,AUS
1847.00.00.a,USA
1846.12.08,MEX
1846.09.30.R,OTH
1846.08.20.R,CUB
1845.12.26,AUS
1845.11.04,MEX
1845.09.16.R,ENG
1845.09.10.R,USA
1845.07.31.R,USA
1845.00.00.R,OTH
1844.07.20.,OTH
1844.07.16.R,OTH
1844.05.24,OTH
1844.00.00,OTH
1842.07.13,USA
1842.07.06,USA
1842.00.00.b,IND
1842.00.00.a,AUS
1841.03.27,AUS
1840.12.00,AUS
1840.09.18.R,OTH
1840.07.22.R,USA
1840.04.09.R,OTH
1840.02.00,AUS
1839.11.17,AUS
1839.04.14,CUB
1839.00.00.b,AUS
1839.00.00.a,OTH
1837.09.03,USA
1837.07.00,USA
1837.01.17,AUS
1836.08.19.R,ENG
1836.00.00.a,AUS
1835.02.21.R,OTH
1835.01.06,OTH
1834.07.15.R,PYF
1832.06.04,AUS
1832.01.23.R,AUS
1831.08.24,USA
1830.07.26,USA
1830.07.02.R,IND
1830.04.30,IND
1830.04.22.R,OTH
1829.07.03.R,OTH
1829.06.10,USA
1829.00.00,OTH
1828.09.28,OTH
1828.00.00,USA
1827.06.00.b,OTH
1827.06.00.a,OTH
1827.00.00,EGY
1826.12.00,OTH
1826.11.00,OTH
1826.08.28,CUB
1826.08.15.R,ENG
1826.05.20.R,JAM
1825.00.00.b,AUS
1825.00.00,AUS
1822.04.15,OTH
1817.06.24,USA
1817.06.15,IND
1817.05.11,OTH
1817.02.22,OTH
1816.09.03.R,USA
1815.10.00,OTH
1812.07.00,ENG
1811.03.01,OTH
1810.09.15,USA
1808.12.25.R,JAM
1808.06.01.R,OTH
1808.02.07.R,IND
1807.01.12,AUS
1806.04.24,USA
1804.02.26.R,AUS
1803.05.17,USA
1803.03.00,AUS
1802.04.13.R,IND
1801.12.18.R,OTH
1800.00.00,OTH
1797.05.28.R,OTH
1792.09.12,ENG
1791.00.00,AUS
1788.05.10,AUS
1787.07.05,OTH
1786.08.10.R,OTH
1785.09.26.R,ENG
1784.12.12,JAM
1783.03.02,OTH
1780.08.08,USA
1779.00.00,USA
1776.00.00.R,OTH
1776.00.00.b,OTH
1771.07.12.R,USA
1764.00.00,ESP
1758.00.00,OTH
1753.10.27.R,JAM
1751.07.27,USA
1749.00.00,CUB
1755.00.00,OTH
1748.00.00,PAN
1742.12.17,OTH
1738.04.06.R,ITA
1723.00.00,OTH
1721.06.00,ITA
1703.03.26,OTH
1700.00.00.c,OTH
1700.00.00.b,OTH
1700.00.00.a,OTH
1638.00.00.R,OTH
1637.00.00.R,IND
1617.00.00.R,IND
1642.00.00,USA
1595.00.00,IND
1580.01.10.R,OTH
1555.00.00,OTH
1554.00.00,OTH
1543.00.00,OTH
0500.00.00,MEX
0077.00.00,OTH
0005.00.00,AUS
0.0214,OTH
0.0336,OTH
0.0493,OTH
0.0725,ITA
ND-0154,OTH
ND-0153,OTH
ND-0152,OTH
ND-0151,PAN
ND-0150,OTH
ND-0149,OTH
ND-0148,USA
ND-1940,PNG
ND-0139,AUS
ND-0138,AUS
ND-0136,USA
ND-0135,OTH
ND-0134,OTH
ND-0133,USA
ND-0132,IND
ND-0130,OTH
ND-0129,ESP
ND-0127,OTH
ND-0124,OTH
ND-0123,USA
ND-0122,USA
ND-0119,OTH
ND-0118,OTH
ND-0116,AUS
ND-0115,NZL
ND-0114,OTH
ND-0113,OTH
ND-0111,OTH
ND.0110,OTH
ND-0109,USA
ND-0108,OTH
ND-0107,MOZ
ND-0106,ZAF
ND.0104,AUS
ND.0102,OTH
ND.0100,BHS
ND.0097,USA
ND.0096,REU
ND.0095,SLB
ND.0094,OTH
ND.0093,PYF
ND.0091,OTH
ND.0090,OTH
ND.0089,OTH
ND.0088,IRN
ND.0087,USA
ND.0085,OTH
ND.0084,ZAF
ND.0083,USA
ND.0082,OTH
ND.0078,USA
ND.0076,OTH
ND.0075,AUS
ND.0074,AUS
ND.0073,OTH
ND.0069,OTH
ND.0068,MOZ
ND.0066,OTH
ND.0065,OTH
ND.0064,OTH
ND.0063,OTH
ND.0062,BHS
ND.0060,USA
ND.0059,OTH
ND.0058,OTH
ND.0057,OTH
ND.0056,USA
ND.0055,BHS
ND.0054,IDN
ND.0053,IND
ND.0052,OTH
ND.0051,CUB
ND.0049,OTH
ND.0048,OTH
ND.0047,OTH
ND.0046,OTH
ND.0044,OTH
ND.0043,SLB
ND.0042,AUS
ND.0041,IRN
ND.0040,IRN
ND.0039,IRN
ND.0038,OTH
ND.0037,OTH
ND.0036,OTH
ND.0035,OTH
ND.0034,OTH
ND.0033,OTH
ND.0032,PNG
ND.0031,PNG
ND.0030,OTH
ND.0028,ITA
ND.0027,OTH
ND.0026,OTH
ND.0025,AUS
ND.0024,REU
ND.0023,ZAF
ND.0022,AUS
ND.0021,ZAF
ND.0020,AUS
ND.0019,USA
ND.0018,OTH
ND.0017,ZAF
ND.0016,ZAF
ND.0015,OTH
ND.0014,USA
ND.0013,ZAF
ND.0012,ZAF
ND.0011,OTH
ND.0010,USA
ND.0009,AUS
ND.0008,AUS
ND.0007,AUS
ND.0006,AUS
ND.0005,AUS
ND.0004,AUS
ND.0003,USA
ND.0002,PAN
ND.0001,OTH
